city,lat,lng,country,iso2,admin_name,capital,population,population_proper
Den Haag,52.0767,4.2986,Netherlands,NL,Zuid-Holland,primary,1406000,501725
Amsterdam,52.3667,4.8833,Netherlands,NL,Noord-Holland,primary,862965,862965
Utrecht,52.0908,5.1222,Netherlands,NL,Utrecht,admin,640000,316448
Rotterdam,51.9225,4.4792,Netherlands,NL,Zuid-Holland,minor,631155,631155
Eindhoven,51.4408,5.4778,Netherlands,NL,Noord-Brabant,minor,398053,209620
Almere,52.3758,5.2256,Netherlands,NL,Flevoland,minor,207904,207904
Groningen,53.2167,6.5667,Netherlands,NL,Groningen,admin,201462,201462
Breda,51.5875,4.7750,Netherlands,NL,Noord-Brabant,minor,183873,183873
Apeldoorn,52.2100,5.9700,Netherlands,NL,Gelderland,minor,161156,161156
Haarlem,52.3803,4.6406,Netherlands,NL,Noord-Holland,admin,159134,159134
Zaanstad,52.4697,4.7767,Netherlands,NL,Noord-Holland,,154037,154037
Arnhem,51.9833,5.9167,Netherlands,NL,Gelderland,admin,148070,148070
’s-Hertogenbosch,51.6833,5.3167,Netherlands,NL,Noord-Brabant,admin,134520,134520
Leeuwarden,53.2000,5.7833,Netherlands,NL,Fryslân,admin,124084,124084
Maastricht,50.8483,5.6889,Netherlands,NL,Limburg,admin,122378,122378
Zwolle,52.5125,6.0944,Netherlands,NL,Overijssel,admin,111805,111805
Alphen aan den Rijn,52.1333,4.6500,Netherlands,NL,Zuid-Holland,minor,110986,110986
Emmen,52.7833,6.9000,Netherlands,NL,Drenthe,minor,107471,107471
Delft,52.0119,4.3594,Netherlands,NL,Zuid-Holland,minor,100011,100011
Deventer,52.2500,6.2000,Netherlands,NL,Overijssel,minor,99166,99166
Hilversum,52.2300,5.1800,Netherlands,NL,Noord-Holland,minor,87817,87817
Heerlen,50.8833,5.9833,Netherlands,NL,Limburg,minor,86833,86833
Purmerend,52.5050,4.9639,Netherlands,NL,Noord-Holland,minor,80117,80117
Lelystad,52.5167,5.4833,Netherlands,NL,Flevoland,admin,77893,77893
Roosendaal,51.5314,4.4556,Netherlands,NL,Noord-Brabant,minor,77032,77032
Spijkenisse,51.8333,4.3167,Netherlands,NL,Zuid-Holland,minor,72740,72740
Ede,52.0436,5.6667,Netherlands,NL,Gelderland,minor,72460,72460
Gouda,52.0181,4.7056,Netherlands,NL,Zuid-Holland,minor,71449,71449
Zaandam,52.4417,4.8422,Netherlands,NL,Noord-Holland,minor,68695,68695
Bergen op Zoom,51.5000,4.3000,Netherlands,NL,Noord-Brabant,minor,66811,66811
Capelle aan den IJssel,51.9357,4.5782,Netherlands,NL,Zuid-Holland,minor,66514,66514
Veenendaal,52.0250,5.5550,Netherlands,NL,Utrecht,minor,65589,65589
Katwijk,52.2008,4.4153,Netherlands,NL,Zuid-Holland,minor,65302,65302
Zeist,52.0833,5.2333,Netherlands,NL,Utrecht,minor,63934,63934
Nieuwegein,52.0314,5.0919,Netherlands,NL,Utrecht,minor,63036,63036
Assen,52.9967,6.5625,Netherlands,NL,Drenthe,admin,62237,62237
Hardenberg,52.5758,6.6194,Netherlands,NL,Overijssel,minor,59689,59689
Barneveld,52.1333,5.5833,Netherlands,NL,Gelderland,minor,57971,57971
Roermond,51.1933,5.9872,Netherlands,NL,Limburg,minor,57308,57308
Heerhugowaard,52.6680,4.8410,Netherlands,NL,Noord-Holland,minor,56742,56742
Oosterhout,51.6431,4.8569,Netherlands,NL,Noord-Brabant,minor,55616,55616
Den Helder,52.9583,4.7589,Netherlands,NL,Noord-Holland,minor,55604,55604
Hoogeveen,52.7167,6.4667,Netherlands,NL,Drenthe,minor,55224,55224
Kampen,52.5500,5.9000,Netherlands,NL,Overijssel,minor,53779,53779
Woerden,52.0858,4.8833,Netherlands,NL,Utrecht,minor,51156,51156
Houten,52.0261,5.1728,Netherlands,NL,Utrecht,minor,49911,49911
Sittard,51.0000,5.8667,Netherlands,NL,Limburg,minor,49483,49483
IJmuiden,52.4586,4.6194,Netherlands,NL,Noord-Holland,minor,48320,48320
Middelburg,51.4997,3.6136,Netherlands,NL,Zeeland,admin,47939,47939
Harderwijk,52.3506,5.6172,Netherlands,NL,Gelderland,minor,47581,47581
Zutphen,52.1400,6.1950,Netherlands,NL,Gelderland,minor,47423,47423
Ridderkerk,51.8667,4.6000,Netherlands,NL,Zuid-Holland,minor,46241,46241
Kerkrade,50.8667,6.0667,Netherlands,NL,Limburg,minor,45642,45642
Veldhoven,51.4197,5.3992,Netherlands,NL,Noord-Brabant,minor,45337,45337
Medemblik,52.7674,5.1037,Netherlands,NL,Noord-Holland,,44809,44809
Zwijndrecht,51.8240,4.6126,Netherlands,NL,Zuid-Holland,minor,44454,44454
Vlissingen,51.4500,3.5833,Netherlands,NL,Zeeland,minor,44417,44417
Rheden,52.0000,6.0167,Netherlands,NL,Gelderland,,43816,43816
Etten-Leur,51.5706,4.6356,Netherlands,NL,Noord-Brabant,minor,43774,43774
Zevenaar,51.9167,6.0833,Netherlands,NL,Gelderland,minor,43488,43488
Venray,51.5258,5.9747,Netherlands,NL,Limburg,minor,43326,43326
Noordwijk,52.2333,4.4333,Netherlands,NL,Zuid-Holland,minor,42859,42859
Tiel,51.8833,5.4333,Netherlands,NL,Gelderland,minor,42015,42015
Uden,51.6667,5.6167,Netherlands,NL,Noord-Brabant,minor,41782,41782
Huizen,52.2994,5.2531,Netherlands,NL,Noord-Holland,minor,41273,41273
Beverwijk,52.4864,4.6572,Netherlands,NL,Noord-Holland,minor,41176,41176
Wijchen,51.8067,5.7211,Netherlands,NL,Gelderland,minor,40951,40951
Dronten,52.5242,5.7125,Netherlands,NL,Flevoland,minor,40815,40815
Hellevoetsluis,51.8333,4.1333,Netherlands,NL,Zuid-Holland,minor,40049,40049
Maarssen,52.1408,5.0394,Netherlands,NL,Utrecht,minor,39752,39752
Leidschendam,52.0833,4.4000,Netherlands,NL,Zuid-Holland,minor,39567,39567
Heemskerk,52.5108,4.6728,Netherlands,NL,Noord-Holland,minor,39164,39164
Veghel,51.6169,5.5481,Netherlands,NL,Noord-Brabant,minor,38077,38077
Goes,51.5000,3.8833,Netherlands,NL,Zeeland,minor,37739,37739
Venlo,51.3700,6.1681,Netherlands,NL,Limburg,minor,37663,37663
Landgraaf,50.9083,6.0297,Netherlands,NL,Limburg,minor,37591,37591
Teijlingen,52.2150,4.5103,Netherlands,NL,Zuid-Holland,,37061,37061
Geleen,50.9667,5.8333,Netherlands,NL,Limburg,,36958,36958
Hellendoorn,52.3885,6.4497,Netherlands,NL,Overijssel,,35808,35808
Castricum,52.5517,4.6583,Netherlands,NL,Noord-Holland,minor,35772,35772
Gorinchem,51.8306,4.9742,Netherlands,NL,Zuid-Holland,minor,35255,35255
IJsselstein,52.0200,5.0422,Netherlands,NL,Utrecht,minor,34160,34160
Sneek,53.0325,5.6600,Netherlands,NL,Fryslân,minor,33855,33855
Tynaarlo,53.0833,6.6000,Netherlands,NL,Drenthe,,33698,33698
Maassluis,51.9189,4.2567,Netherlands,NL,Zuid-Holland,minor,32768,32768
Bussum,52.2733,5.1611,Netherlands,NL,Noord-Holland,minor,32410,32410
Deurne,51.4639,5.7947,Netherlands,NL,Noord-Brabant,minor,32362,32362
Oldenzaal,52.3125,6.9292,Netherlands,NL,Overijssel,minor,31840,31840
Aalsmeer,52.2639,4.7625,Netherlands,NL,Noord-Holland,minor,31728,31728
Rosmalen,51.7167,5.3667,Netherlands,NL,Noord-Brabant,,31219,31219
Lonneker,52.2506,6.9119,Netherlands,NL,Overijssel,,31129,31129
Hendrik-Ido-Ambacht,51.8500,4.6300,Netherlands,NL,Zuid-Holland,minor,30966,30966
Valkenswaard,51.3500,5.4592,Netherlands,NL,Noord-Brabant,minor,30910,30910
Boxtel,51.5911,5.3275,Netherlands,NL,Noord-Brabant,minor,30747,30747
Leusden,52.1331,5.4297,Netherlands,NL,Utrecht,minor,30030,30030
Bergen,52.6703,4.7054,Netherlands,NL,Noord-Holland,,29974,29974
Heesch,51.7314,5.5300,Netherlands,NL,Noord-Brabant,minor,29728,29728
Oosterend,53.0036,6.0664,Netherlands,NL,Fryslân,,29723,29723
Krimpen aan den IJssel,51.9200,4.6000,Netherlands,NL,Zuid-Holland,minor,29376,29376
Diemen,52.3439,4.9625,Netherlands,NL,Noord-Holland,minor,29196,29196
Boxmeer,51.6483,5.9444,Netherlands,NL,Noord-Brabant,minor,29065,29065
Sint-Michielsgestel,51.6433,5.3586,Netherlands,NL,Noord-Brabant,minor,28991,28991
Winterswijk,51.9667,6.7167,Netherlands,NL,Gelderland,minor,28903,28903
Culemborg,51.9500,5.2333,Netherlands,NL,Gelderland,minor,28555,28555
Heerenveen,52.9500,5.9333,Netherlands,NL,Fryslân,minor,28497,28497
Geldrop,51.4222,5.5578,Netherlands,NL,Noord-Brabant,minor,28222,28222
Brunssum,50.9500,5.9667,Netherlands,NL,Limburg,minor,28103,28103
Langedijk,52.6936,4.7944,Netherlands,NL,Noord-Holland,,27992,27992
Zaltbommel,51.8000,5.2500,Netherlands,NL,Gelderland,minor,27549,27549
Heemstede,52.3528,4.6200,Netherlands,NL,Noord-Holland,minor,27286,27286
Drimmelen,51.6944,4.7972,Netherlands,NL,Noord-Brabant,,27150,27150
Leiderdorp,52.1617,4.5283,Netherlands,NL,Zuid-Holland,minor,27109,27109
Aalten,51.9250,6.5808,Netherlands,NL,Gelderland,minor,27011,27011
Werkendam,51.8097,4.8928,Netherlands,NL,Noord-Brabant,minor,26940,26940
Ermelo,52.3000,5.6331,Netherlands,NL,Gelderland,minor,26858,26858
Rijssen,52.3000,6.5167,Netherlands,NL,Overijssel,minor,26428,26428
Wassenaar,52.1453,4.4006,Netherlands,NL,Zuid-Holland,minor,26211,26211
Oisterwijk,51.5833,5.2000,Netherlands,NL,Noord-Brabant,minor,26140,26140
Dongen,51.6258,4.9433,Netherlands,NL,Noord-Brabant,minor,26051,26051
Beuningen,51.8667,5.7667,Netherlands,NL,Gelderland,minor,25882,25882
Veenoord,52.9875,6.2914,Netherlands,NL,Fryslân,,25531,25531
Duiven,51.9472,6.0211,Netherlands,NL,Gelderland,minor,25332,25332
Sliedrecht,51.8222,4.7744,Netherlands,NL,Zuid-Holland,minor,25026,25026
Stein,50.9679,5.7652,Netherlands,NL,Limburg,minor,24961,24961
Cuijk,51.7269,5.8794,Netherlands,NL,Noord-Brabant,minor,24931,24931
Oegstgeest,52.1667,4.4667,Netherlands,NL,Zuid-Holland,minor,24426,24426
Oud-Beijerland,51.8200,4.4200,Netherlands,NL,Zuid-Holland,minor,24301,24301
Putten,52.2579,5.6080,Netherlands,NL,Gelderland,minor,24198,24198
Goirle,51.5203,5.0671,Netherlands,NL,Noord-Brabant,minor,23793,23793
Schijndel,51.6183,5.4364,Netherlands,NL,Noord-Brabant,minor,23618,23618
Oldebroek,52.4667,5.9167,Netherlands,NL,Gelderland,minor,23598,23598
Heiloo,52.6011,4.7019,Netherlands,NL,Noord-Holland,minor,23464,23464
Loon op Zand,51.6275,5.0758,Netherlands,NL,Noord-Brabant,,23327,23327
Borne,52.3000,6.7500,Netherlands,NL,Overijssel,minor,23210,23210
Steenwijk,52.7833,6.1167,Netherlands,NL,Overijssel,minor,22843,22843
Hoensbroek,50.9167,5.9333,Netherlands,NL,Limburg,,22740,22740
Losser,52.2617,7.0044,Netherlands,NL,Overijssel,minor,22622,22622
Beek en Donk,51.5161,5.6208,Netherlands,NL,Noord-Brabant,minor,22333,22333
Zeewolde,52.3333,5.5167,Netherlands,NL,Flevoland,minor,22309,22309
Oud-Zuilen,52.1272,5.0694,Netherlands,NL,Utrecht,,22257,22257
Woensdrecht,51.4300,4.3050,Netherlands,NL,Noord-Brabant,,21866,21866
Nieuwerkerk aan den IJssel,51.9656,4.6083,Netherlands,NL,Zuid-Holland,minor,21649,21649
Zundert,51.4703,4.6600,Netherlands,NL,Noord-Brabant,minor,21612,21612
Geertruidenberg,51.7008,4.8603,Netherlands,NL,Noord-Brabant,,21515,21515
Tubbergen,52.4000,6.7667,Netherlands,NL,Overijssel,minor,21276,21276
Leerdam,51.8939,5.0914,Netherlands,NL,Zuid-Holland,minor,21030,21030
Winschoten,53.1500,7.0333,Netherlands,NL,Groningen,minor,20913,20913
Urk,52.6653,5.6058,Netherlands,NL,Flevoland,minor,20776,20776
Poortugaal,51.8553,4.3967,Netherlands,NL,Zuid-Holland,minor,20746,20746
Cranendonck,51.2853,5.5881,Netherlands,NL,Noord-Brabant,,20440,20440
Bladel,51.3667,5.2167,Netherlands,NL,Noord-Brabant,minor,20175,20175
Rhenen,51.9597,5.5689,Netherlands,NL,Utrecht,minor,20004,20004
Wisch,51.9333,6.3167,Netherlands,NL,Gelderland,,19911,19911
Vriezenveen,52.4117,6.6256,Netherlands,NL,Overijssel,minor,19875,19875
Helden,51.3167,6.0000,Netherlands,NL,Limburg,,19502,19502
Tegelen,51.3422,6.1364,Netherlands,NL,Limburg,,19337,19337
Someren,51.3847,5.7119,Netherlands,NL,Noord-Brabant,minor,19322,19322
Echt,51.1058,5.8706,Netherlands,NL,Limburg,minor,19237,19237
Lichtenvoorde,51.9833,6.5667,Netherlands,NL,Gelderland,minor,19224,19224
Eersel,51.3572,5.3147,Netherlands,NL,Noord-Brabant,minor,19110,19110
Meerssen,50.8858,5.7519,Netherlands,NL,Limburg,minor,18923,18923
Zuidhorn,53.2468,6.4077,Netherlands,NL,Groningen,minor,18917,18917
Groesbeek,51.7833,5.9333,Netherlands,NL,Gelderland,minor,18870,18870
Edam,52.5167,5.0500,Netherlands,NL,Noord-Holland,,18828,18828
Druten,51.8889,5.6044,Netherlands,NL,Gelderland,minor,18797,18797
Oirschot,51.5047,5.3128,Netherlands,NL,Noord-Brabant,minor,18623,18623
Bergeijk,51.3203,5.3592,Netherlands,NL,Noord-Brabant,minor,18491,18491
Drunen,51.6833,5.1667,Netherlands,NL,Noord-Brabant,,18355,18355
Bemmel,51.8917,5.8958,Netherlands,NL,Gelderland,minor,18104,18104
Elst,51.9156,5.8378,Netherlands,NL,Gelderland,minor,18056,18056
Hardinxveld-Giessendam,51.8300,4.8700,Netherlands,NL,Zuid-Holland,minor,18051,18051
Middelharnis,51.7535,4.1647,Netherlands,NL,Zuid-Holland,minor,18050,18050
Bodegraven,52.0808,4.7486,Netherlands,NL,Zuid-Holland,minor,17954,17954
Sint-Oedenrode,51.5636,5.4608,Netherlands,NL,Noord-Brabant,minor,17893,17893
Ommen,52.5167,6.4167,Netherlands,NL,Overijssel,minor,17813,17813
Naarden,52.2953,5.1622,Netherlands,NL,Noord-Holland,minor,17301,17301
Waalre,51.3867,5.4456,Netherlands,NL,Noord-Brabant,minor,17247,17247
Gennep,51.6942,5.9733,Netherlands,NL,Limburg,minor,17071,17071
Zandvoort,52.3667,4.5333,Netherlands,NL,Noord-Holland,minor,17011,17011
Staphorst,52.6333,6.2000,Netherlands,NL,Overijssel,minor,17003,17003
Son en Breugel,51.5158,5.5022,Netherlands,NL,Noord-Brabant,minor,16904,16904
Asten,51.4031,5.7472,Netherlands,NL,Noord-Brabant,minor,16710,16710
Kralingse Veer,51.9249,4.5071,Netherlands,NL,Zuid-Holland,,16673,16673
Didam,51.9333,6.1333,Netherlands,NL,Gelderland,minor,16603,16603
Heumen,51.7656,5.8433,Netherlands,NL,Gelderland,,16486,16486
Eibergen,52.1000,6.6500,Netherlands,NL,Gelderland,,16272,16272
Harenkarspel,52.7344,4.7706,Netherlands,NL,Noord-Holland,,16179,16179
Beek,50.9394,5.7961,Netherlands,NL,Limburg,minor,15929,15929
Vlijmen,51.6953,5.2119,Netherlands,NL,Noord-Brabant,minor,15899,15899
Zevenbergen,51.6453,4.5997,Netherlands,NL,Noord-Brabant,minor,15859,15859
Harlingen,53.1736,5.4272,Netherlands,NL,Fryslân,minor,15822,15822
Huissen,51.9333,5.9333,Netherlands,NL,Gelderland,,15782,15782
Hilvarenbeek,51.4861,5.1367,Netherlands,NL,Noord-Brabant,minor,15334,15334
Bunnik,52.0672,5.1969,Netherlands,NL,Utrecht,,15192,15192
Den Ham,52.4650,6.4942,Netherlands,NL,Overijssel,,15051,15051
Boskoop,52.0667,4.6333,Netherlands,NL,Zuid-Holland,minor,15045,15045
Westervoort,51.9667,5.9667,Netherlands,NL,Gelderland,minor,14944,14944
IJsselmuiden,52.5647,5.9275,Netherlands,NL,Overijssel,,14926,14926
Sassenheim,52.2258,4.5225,Netherlands,NL,Zuid-Holland,minor,14886,14886
Rijnsburg,52.1897,4.4408,Netherlands,NL,Zuid-Holland,,14843,14843
Rozenburg,51.9058,4.2486,Netherlands,NL,Zuid-Holland,,14741,14741
Breukelen,52.1725,4.9986,Netherlands,NL,Utrecht,,14736,14736
Lopik,51.9722,4.9464,Netherlands,NL,Utrecht,minor,14473,14473
Scheemda,53.1667,6.9667,Netherlands,NL,Groningen,,14368,14368
Gorssel,52.2000,6.2000,Netherlands,NL,Gelderland,,14281,14281
Haaren,51.6017,5.2228,Netherlands,NL,Noord-Brabant,minor,14195,14195
Beilen,52.8567,6.5111,Netherlands,NL,Drenthe,minor,14089,14089
Maasbracht,51.1500,5.8833,Netherlands,NL,Limburg,minor,13700,13700
Raamsdonk,51.6878,4.9081,Netherlands,NL,Noord-Brabant,,13658,13658
Winsum,53.3312,6.5157,Netherlands,NL,Groningen,minor,13560,13560
Uitgeest,52.5292,4.7103,Netherlands,NL,Noord-Holland,minor,13528,13528
Beesel,51.2669,6.0392,Netherlands,NL,Limburg,,13519,13519
Valburg,51.9111,5.7892,Netherlands,NL,Gelderland,,13449,13449
Margraten,50.8225,5.8203,Netherlands,NL,Limburg,,13370,13370
Reeuwijk,52.0481,4.7203,Netherlands,NL,Zuid-Holland,,13296,13296
Maasbree,51.3500,6.0500,Netherlands,NL,Limburg,,13216,13216
Bergschenhoek,51.9800,4.5000,Netherlands,NL,Zuid-Holland,minor,13206,13206
Woudenberg,52.0806,5.4164,Netherlands,NL,Utrecht,minor,13166,13166
Bergen,51.5992,6.0336,Netherlands,NL,Limburg,minor,13140,13140
Odoorn,52.8508,6.8481,Netherlands,NL,Drenthe,,13126,13126
Mijdrecht,52.2072,4.8594,Netherlands,NL,Utrecht,minor,13009,13009
Schinnen,50.9428,5.8894,Netherlands,NL,Limburg,minor,12911,12911
Borger,52.9236,6.7922,Netherlands,NL,Drenthe,,12871,12871
Kapelle,51.5000,3.9500,Netherlands,NL,Zeeland,minor,12785,12785
Franeker,53.1875,5.5400,Netherlands,NL,Fryslân,minor,12781,12781
Halsteren,51.5256,4.2747,Netherlands,NL,Noord-Brabant,,12725,12725
Wieringerwerf,52.8500,5.0300,Netherlands,NL,Noord-Holland,,12576,12576
Grave,51.7592,5.7383,Netherlands,NL,Noord-Brabant,minor,12483,12483
Neerijnen,51.8333,5.2833,Netherlands,NL,Gelderland,minor,12397,12397
Dokkum,53.3253,5.9989,Netherlands,NL,Fryslân,minor,12365,12365
Goor,52.2333,6.5861,Netherlands,NL,Overijssel,minor,12349,12349
Axel,51.2656,3.9089,Netherlands,NL,Zeeland,,12280,12280
Hattem,52.4744,6.0697,Netherlands,NL,Gelderland,minor,12173,12173
Heythuysen,51.2496,5.8983,Netherlands,NL,Limburg,minor,12106,12106
Oosterbroek,53.1299,6.8738,Netherlands,NL,Drenthe,,12076,12076
Budel,51.2725,5.5744,Netherlands,NL,Noord-Brabant,minor,11926,11926
Schoonhoven,51.9475,4.8486,Netherlands,NL,Zuid-Holland,minor,11922,11922
Opmeer,52.7033,4.9444,Netherlands,NL,Noord-Holland,minor,11779,11779
Ubach over Worms,50.9158,6.0517,Netherlands,NL,Limburg,,11761,11761
Sint Anthonis,51.6258,5.8811,Netherlands,NL,Noord-Brabant,minor,11606,11606
Eijsden,50.7778,5.7108,Netherlands,NL,Limburg,minor,11565,11565
Wormer,52.4972,4.8089,Netherlands,NL,Noord-Holland,minor,11470,11470
Hazerswoude-Dorp,52.1000,4.5833,Netherlands,NL,Zuid-Holland,,11366,11366
Zierikzee,51.6497,3.9164,Netherlands,NL,Zeeland,minor,11360,11360
Ulrum,53.3589,6.3331,Netherlands,NL,Groningen,,11212,11212
Zelhem,52.0067,6.3486,Netherlands,NL,Gelderland,,11203,11203
Blaricum,52.2728,5.2422,Netherlands,NL,Noord-Holland,minor,11202,11202
Laren,52.2544,5.2317,Netherlands,NL,Noord-Holland,minor,11195,11195
Doesburg,52.0167,6.1333,Netherlands,NL,Gelderland,minor,11148,11148
Doornspijk,52.4192,5.8161,Netherlands,NL,Gelderland,,11116,11116
Schipluiden,51.9833,4.3167,Netherlands,NL,Zuid-Holland,minor,11113,11113
Neede,52.1333,6.6167,Netherlands,NL,Gelderland,,11102,11102
Diepenveen,52.2894,6.1500,Netherlands,NL,Overijssel,,10838,10838
Boekel,51.6011,5.6742,Netherlands,NL,Noord-Brabant,minor,10588,10588
Borculo,52.1167,6.5167,Netherlands,NL,Gelderland,minor,10498,10498
Monnickendam,52.4547,5.0353,Netherlands,NL,Noord-Holland,minor,10316,10316
Bleiswijk,52.0100,4.5400,Netherlands,NL,Zuid-Holland,,10258,10258
Prinsenbeek,51.5981,4.7136,Netherlands,NL,Noord-Brabant,,10168,10168
Doorn,52.0333,5.3500,Netherlands,NL,Utrecht,minor,10124,10124
Vaals,50.7694,6.0181,Netherlands,NL,Limburg,minor,10092,10092
Haelen,51.2358,5.9547,Netherlands,NL,Limburg,,10051,10051
Nieuwenhagen,50.9039,6.0400,Netherlands,NL,Limburg,,10022,10022
Bolsward,53.0667,5.5333,Netherlands,NL,Fryslân,,9974,9974
Scherpenzeel,52.0667,5.4833,Netherlands,NL,Gelderland,minor,9873,9873
Vlist,51.9867,4.7889,Netherlands,NL,Zuid-Holland,,9806,9806
Oostzaan,52.4406,4.8789,Netherlands,NL,Noord-Holland,minor,9757,9757
Liesveld,51.9156,4.8456,Netherlands,NL,Zuid-Holland,,9746,9746
Vries,53.0733,6.5769,Netherlands,NL,Drenthe,minor,9646,9646
Heteren,51.9575,5.7550,Netherlands,NL,Gelderland,,9593,9593
Wamel,51.8800,5.4692,Netherlands,NL,Gelderland,,9585,9585
Nieuw-Lekkerland,51.8833,4.6833,Netherlands,NL,Zuid-Holland,,9541,9541
Hoek van Holland,51.9763,4.1323,Netherlands,NL,Zuid-Holland,,9382,9382
Ubbergen,51.8333,5.9167,Netherlands,NL,Gelderland,,9358,9358
Olst,52.3378,6.1108,Netherlands,NL,Overijssel,,9329,9329
Weerselo,52.3519,6.8572,Netherlands,NL,Overijssel,,9294,9294
Smilde,52.9486,6.4483,Netherlands,NL,Drenthe,,9222,9222
Nieuwleusen,52.5833,6.2833,Netherlands,NL,Overijssel,,9190,9190
Ter Aar,52.1667,4.7167,Netherlands,NL,Zuid-Holland,,9137,9137
Groenlo,52.0500,6.6167,Netherlands,NL,Gelderland,,9119,9119
Eemnes,52.2539,5.2572,Netherlands,NL,Utrecht,minor,9113,9113
Heer,50.8406,5.7269,Netherlands,NL,Limburg,,8985,8985
Holten,52.2814,6.4186,Netherlands,NL,Overijssel,,8896,8896
Abcoude,52.2719,4.9703,Netherlands,NL,Utrecht,,8791,8791
Wervershoof,52.7347,5.1492,Netherlands,NL,Noord-Holland,,8746,8746
Oudover,52.2000,5.1333,Netherlands,NL,Utrecht,,8737,8737
Swalmen,51.2333,6.0333,Netherlands,NL,Limburg,,8690,8690
Dinxperlo,51.8667,6.4833,Netherlands,NL,Gelderland,,8565,8565
Loenen,52.2419,5.0275,Netherlands,NL,Utrecht,,8562,8562
Vorden,52.1000,6.3167,Netherlands,NL,Gelderland,,8491,8491
Hoevelaken,52.1750,5.4583,Netherlands,NL,Gelderland,,8461,8461
Hengelo,52.0500,6.3000,Netherlands,NL,Gelderland,minor,8457,8457
Zoeterwoude,52.1136,4.5058,Netherlands,NL,Zuid-Holland,minor,8450,8450
Dirksland,51.7500,4.1000,Netherlands,NL,Zuid-Holland,,8408,8408
Assendelft,52.4667,4.7500,Netherlands,NL,Noord-Holland,,8335,8335
Steenwijkerwold,52.8036,6.0617,Netherlands,NL,Overijssel,,8331,8331
Heel,51.1806,5.8964,Netherlands,NL,Limburg,,8295,8295
Hoeven,51.5775,4.5808,Netherlands,NL,Noord-Brabant,,8235,8235
Oude Pekela,53.1000,7.0167,Netherlands,NL,Groningen,minor,8214,8214
Ouderkerk aan de Amstel,52.2972,4.9117,Netherlands,NL,Noord-Holland,minor,8200,8200
Elsloo,50.9710,5.7541,Netherlands,NL,Limburg,,8191,8191
Ruurlo,52.0833,6.4500,Netherlands,NL,Gelderland,,8083,8083
Oostvoorne,51.9119,4.1008,Netherlands,NL,Zuid-Holland,,8055,8055
Reusel,51.3617,5.1631,Netherlands,NL,Noord-Brabant,minor,8030,8030
Wognum,52.6819,5.0228,Netherlands,NL,Noord-Holland,minor,8006,8006
Hasselt,52.5908,6.0911,Netherlands,NL,Overijssel,minor,7960,7960
Moordrecht,51.9861,4.6681,Netherlands,NL,Zuid-Holland,,7932,7932
Heino,52.4358,6.2339,Netherlands,NL,Overijssel,,7930,7930
Harmelen,52.0894,4.9608,Netherlands,NL,Utrecht,,7884,7884
Venhuizen,52.6624,5.2000,Netherlands,NL,Noord-Holland,,7828,7828
Wittem,50.8133,5.9122,Netherlands,NL,Limburg,,7769,7769
Numansdorp,51.7331,4.4381,Netherlands,NL,Zuid-Holland,minor,7761,7761
Schoonebeek,52.6617,6.8831,Netherlands,NL,Drenthe,,7747,7747
Anna Paulowna,52.8500,4.8167,Netherlands,NL,Noord-Holland,minor,7380,7380
Ten Boer,53.2833,6.6833,Netherlands,NL,Groningen,minor,7292,7292
Lekkerkerk,51.8972,4.6828,Netherlands,NL,Zuid-Holland,minor,7291,7291
Gendt,51.8769,5.9725,Netherlands,NL,Gelderland,,7286,7286
Markelo,52.2342,6.4953,Netherlands,NL,Overijssel,,7272,7272
Norg,53.0661,6.4594,Netherlands,NL,Drenthe,,7270,7270
Sevenum,51.4167,6.0333,Netherlands,NL,Limburg,,7234,7234
Amerongen,52.0025,5.4608,Netherlands,NL,Utrecht,,7222,7222
Sappemeer,53.1633,6.7767,Netherlands,NL,Groningen,,7126,7126
Rhoon,51.8667,4.4333,Netherlands,NL,Zuid-Holland,,7004,7004
Ruinen,52.7633,6.3564,Netherlands,NL,Drenthe,,6974,6974
Grubbenvorst,51.4189,6.1431,Netherlands,NL,Limburg,,6960,6960
Lienden,51.9467,5.5189,Netherlands,NL,Gelderland,,6880,6880
Baarle-Nassau,51.4500,4.9333,Netherlands,NL,Noord-Brabant,minor,6847,6847
Maasland,51.9333,4.2667,Netherlands,NL,Zuid-Holland,,6821,6821
Teteringen,51.6086,4.8206,Netherlands,NL,Noord-Brabant,,6695,6695
Lith,51.8042,5.4408,Netherlands,NL,Noord-Brabant,,6685,6685
Oudorp,52.6331,4.7736,Netherlands,NL,Noord-Holland,,6666,6666
Klundert,51.6628,4.5289,Netherlands,NL,Noord-Brabant,,6601,6601
Schoorl,52.7014,4.6944,Netherlands,NL,Noord-Holland,,6586,6586
Bellingwolde,53.1203,7.1719,Netherlands,NL,Groningen,,6578,6578
Gramsbergen,52.6103,6.6728,Netherlands,NL,Overijssel,,6500,6500
Obdam,52.6743,4.8995,Netherlands,NL,Noord-Holland,,6448,6448
Andijk,52.7500,5.2200,Netherlands,NL,Noord-Holland,,6423,6423
Erp,51.6003,5.6053,Netherlands,NL,Noord-Brabant,,6422,6422
Zevenhuizen,52.0108,4.5800,Netherlands,NL,Zuid-Holland,,6414,6414
Kerkwijk,51.7744,5.2194,Netherlands,NL,Gelderland,,6269,6269
Groot-Valkenisse,51.4889,3.5156,Netherlands,NL,Zeeland,,6168,6168
Rolde,52.9869,6.6461,Netherlands,NL,Drenthe,,6131,6131
Dussen,51.7317,4.9633,Netherlands,NL,Noord-Brabant,,6127,6127
Krimpen aan de Lek,51.8931,4.6275,Netherlands,NL,Zuid-Holland,,6114,6114
IJsselmonde,51.9000,4.5500,Netherlands,NL,Zuid-Holland,,6100,6100
Hooge Zwaluwe,51.6989,4.7245,Netherlands,NL,Noord-Brabant,,6014,6014
Maarn,52.0642,5.3731,Netherlands,NL,Utrecht,,5975,5975
Eygelshoven,50.8925,6.0592,Netherlands,NL,Limburg,,5954,5954
Millingen aan de Rijn,51.8667,6.0500,Netherlands,NL,Gelderland,minor,5921,5921
Gieten,53.0053,6.7631,Netherlands,NL,Drenthe,minor,5877,5877
Maurik,51.9600,5.4236,Netherlands,NL,Gelderland,minor,5865,5865
Havelte,52.7739,6.2383,Netherlands,NL,Drenthe,,5858,5858
Bennebroek,52.3214,4.5967,Netherlands,NL,Noord-Holland,,5842,5842
Moergestel,51.5500,5.1833,Netherlands,NL,Noord-Brabant,,5835,5835
Meijel,51.3500,5.8833,Netherlands,NL,Limburg,,5789,5789
Zeeland,51.6967,5.6731,Netherlands,NL,Noord-Brabant,minor,5788,5788
Berghem,51.7700,5.5747,Netherlands,NL,Noord-Brabant,,5700,5700
Puttershoek,51.8044,4.5681,Netherlands,NL,Zuid-Holland,,5688,5688
Rijsbergen,51.5167,4.7000,Netherlands,NL,Noord-Brabant,,5665,5665
Nieuwe Pekela,53.0786,6.9642,Netherlands,NL,Groningen,,5604,5604
Dalen,52.7000,6.7500,Netherlands,NL,Drenthe,,5564,5564
Westenschouwen,51.7050,3.7403,Netherlands,NL,Zeeland,,5540,5540
Ouderkerk aan den IJssel,51.9322,4.6361,Netherlands,NL,Zuid-Holland,minor,5516,5516
Wilnis,52.1978,4.9000,Netherlands,NL,Utrecht,,5513,5513
Limbricht,51.0117,5.8369,Netherlands,NL,Limburg,,5471,5471
Belfeld,51.3100,6.1144,Netherlands,NL,Limburg,,5449,5449
Bovenkarspel,52.7000,5.2500,Netherlands,NL,Noord-Holland,minor,5439,5439
Schermerhorn,52.6067,4.8511,Netherlands,NL,Noord-Holland,,5359,5359
Hoogkerk,53.2167,6.5000,Netherlands,NL,Groningen,,5307,5307
Renswoude,52.0739,5.5406,Netherlands,NL,Utrecht,minor,5259,5259
Nederhorst den Berg,52.2567,5.0458,Netherlands,NL,Noord-Holland,,5241,5241
Bathmen,52.2500,6.2869,Netherlands,NL,Overijssel,,5224,5224
Warmond,52.1972,4.5017,Netherlands,NL,Zuid-Holland,,5159,5159
Stompwijk,52.0944,4.4697,Netherlands,NL,Zuid-Holland,,5112,5112
Velden,51.4117,6.1678,Netherlands,NL,Limburg,,5085,5085
Sint Pancras,52.6631,4.7853,Netherlands,NL,Noord-Holland,,5068,5068
Arnemuiden,51.5000,3.6667,Netherlands,NL,Zeeland,,5055,5055
Wanroij,51.6561,5.8200,Netherlands,NL,Noord-Brabant,,5044,5044
Peize,53.1478,6.4961,Netherlands,NL,Drenthe,,5005,5005
Steenderen,52.0667,6.1833,Netherlands,NL,Gelderland,,4990,4990
Stramproy,51.1933,5.7192,Netherlands,NL,Limburg,,4916,4916
Uithuizen,53.4067,6.6722,Netherlands,NL,Groningen,minor,4914,4914
Urmond,50.9906,5.7711,Netherlands,NL,Limburg,,4913,4913
Waspik,51.6867,4.9444,Netherlands,NL,Noord-Brabant,,4871,4871
Uithuizermeeden,53.4144,6.7264,Netherlands,NL,Groningen,,4859,4859
Schinveld,50.9678,5.9803,Netherlands,NL,Limburg,minor,4856,4856
Bunde,50.8958,5.7331,Netherlands,NL,Limburg,,4798,4798
Muntendam,53.1336,6.8686,Netherlands,NL,Groningen,minor,4748,4748
Midwolda,53.1928,7.0161,Netherlands,NL,Groningen,,4719,4719
Oirsbeek,50.9489,5.9089,Netherlands,NL,Limburg,,4717,4717
Leimuiden,52.2247,4.6717,Netherlands,NL,Zuid-Holland,,4711,4711
Termunten,53.2961,7.0436,Netherlands,NL,Groningen,,4694,4694
Zwartsluis,52.6419,6.0703,Netherlands,NL,Overijssel,,4688,4688
Koudekerk aan den Rijn,52.1347,4.6019,Netherlands,NL,Zuid-Holland,,4671,4671
Linschoten,52.0628,4.9144,Netherlands,NL,Utrecht,,4669,4669
Helvoirt,51.6308,5.2297,Netherlands,NL,Noord-Brabant,,4619,4619
Hulsberg,50.8883,5.8553,Netherlands,NL,Limburg,,4578,4578
Giessenburg,51.8500,4.8897,Netherlands,NL,Zuid-Holland,,4576,4576
Bierum,53.3814,6.8594,Netherlands,NL,Groningen,,4559,4559
Ootmarsum,52.4072,6.8994,Netherlands,NL,Overijssel,,4530,4530
Dodewaard,51.9103,5.6568,Netherlands,NL,Gelderland,,4528,4528
Roggel,51.2625,5.9269,Netherlands,NL,Limburg,,4507,4507
Haastrecht,52.0003,4.7765,Netherlands,NL,Zuid-Holland,,4418,4418
Stolwijk,51.9736,4.7711,Netherlands,NL,Zuid-Holland,minor,4344,4344
Driel,51.9592,5.8131,Netherlands,NL,Gelderland,,4339,4339
Driebruggen,52.0433,4.7986,Netherlands,NL,Zuid-Holland,,4328,4328
Berkhout,52.6419,4.9969,Netherlands,NL,Noord-Holland,,4321,4321
Ammerzoden,51.7500,5.2200,Netherlands,NL,Gelderland,,4318,4318
Den Dungen,51.6653,5.3714,Netherlands,NL,Noord-Brabant,,4297,4297
Ewijk,51.8833,5.7000,Netherlands,NL,Gelderland,,4258,4258
Gasselte,52.9719,6.7922,Netherlands,NL,Drenthe,,4227,4227
Klimmen,50.8764,5.8819,Netherlands,NL,Limburg,,4208,4208
Kessel,51.2919,6.0533,Netherlands,NL,Limburg,,4189,4189
Mijnsheerenland,51.7964,4.4831,Netherlands,NL,Zuid-Holland,,4185,4185
Warmenhuizen,52.7225,4.7397,Netherlands,NL,Noord-Holland,,4140,4140
Vleuten,52.1081,5.0150,Netherlands,NL,Utrecht,,4076,4076
Voorhout,52.2231,4.4864,Netherlands,NL,Zuid-Holland,,4060,4060
Wedde,53.0667,7.0833,Netherlands,NL,Groningen,minor,4057,4057
Leende,51.3497,5.5525,Netherlands,NL,Noord-Brabant,,4051,4051
Leens,53.3609,6.3878,Netherlands,NL,Groningen,minor,4048,4048
Hedel,51.7467,5.2592,Netherlands,NL,Gelderland,,4042,4042
Hoogkarspel,52.6947,5.1778,Netherlands,NL,Noord-Holland,minor,4034,4034
Diessen,51.4739,5.1747,Netherlands,NL,Noord-Brabant,,4020,4020
Kortgene,51.5583,3.8000,Netherlands,NL,Zeeland,,3977,3977
Cadier en Keer,50.8283,5.7678,Netherlands,NL,Limburg,,3923,3923
Delden,52.2625,6.7111,Netherlands,NL,Overijssel,,3857,3857
Clinge,51.2706,4.0881,Netherlands,NL,Zeeland,,3815,3815
Linne,51.1542,5.9392,Netherlands,NL,Limburg,,3813,3813
Wissekerke,51.5014,3.8454,Netherlands,NL,Zeeland,,3778,3778
Barsingerhorn,52.7853,4.8417,Netherlands,NL,Noord-Holland,,3764,3764
Putte,51.3506,4.3978,Netherlands,NL,Noord-Brabant,,3758,3758
Spaubeek,50.9378,5.8414,Netherlands,NL,Limburg,,3718,3718
Sommelsdijk,51.7547,4.1531,Netherlands,NL,Zuid-Holland,,3715,3715
Klein Mariekerke,51.5281,3.5314,Netherlands,NL,Zeeland,,3681,3681
Klaaswaal,51.7694,4.4453,Netherlands,NL,Zuid-Holland,,3647,3647
Westerblokker,52.6644,5.1061,Netherlands,NL,Noord-Holland,,3641,3641
Benthuizen,52.0761,4.5447,Netherlands,NL,Zuid-Holland,,3639,3639
Oud-Vroenhoven,50.8478,5.6514,Netherlands,NL,Limburg,,3638,3638
Zaamslag,51.3125,3.9131,Netherlands,NL,Zeeland,,3631,3631
Wijk en Aalburg,51.7542,5.1306,Netherlands,NL,Noord-Brabant,minor,3630,3630
Chaam,51.5044,4.8614,Netherlands,NL,Noord-Brabant,,3630,3630
Beesd,51.8875,5.1911,Netherlands,NL,Gelderland,,3611,3611
Neer,51.2614,5.9917,Netherlands,NL,Limburg,,3591,3591
Veur,52.0833,4.4333,Netherlands,NL,Zuid-Holland,,3590,3590
Vledder,52.8556,6.2103,Netherlands,NL,Drenthe,,3590,3590
Diever,52.8556,6.3175,Netherlands,NL,Drenthe,minor,3571,3571
Sint Odiliënberg,51.1425,6.0017,Netherlands,NL,Limburg,minor,3565,3565
Muiden,52.3292,5.0714,Netherlands,NL,Noord-Holland,minor,3535,3535
Herten,51.1803,5.9633,Netherlands,NL,Limburg,,3516,3516
Zuid-Beijerland,51.7514,4.3678,Netherlands,NL,Zuid-Holland,,3445,3445
Moerkapelle,52.0456,4.5753,Netherlands,NL,Zuid-Holland,,3444,3444
Koudekerke,51.4808,3.5528,Netherlands,NL,Zeeland,,3419,3419
Willemstad,51.6919,4.4378,Netherlands,NL,Noord-Brabant,,3370,3370
Amstenrade,50.9383,5.9222,Netherlands,NL,Limburg,,3350,3350
Meerlo,51.5119,6.0856,Netherlands,NL,Limburg,,3317,3317
Hoogwoud,52.7153,4.9367,Netherlands,NL,Noord-Holland,,3258,3258
Ooltgensplaat,51.6825,4.3492,Netherlands,NL,Zuid-Holland,,3230,3230
Dreumel,51.8492,5.4325,Netherlands,NL,Gelderland,,3150,3150
Overasselt,51.7597,5.7875,Netherlands,NL,Gelderland,,3124,3124
Rossum,51.8008,5.3356,Netherlands,NL,Gelderland,,3102,3102
Oude-Tonge,51.6914,4.2128,Netherlands,NL,Zuid-Holland,,3101,3101
Maasdam,51.7881,4.5561,Netherlands,NL,Zuid-Holland,minor,3087,3087
Kortenhoef,52.2397,5.1147,Netherlands,NL,Noord-Holland,,3085,3085
Amby,50.8667,5.7333,Netherlands,NL,Limburg,,3038,3038
Dinther,51.6450,5.4864,Netherlands,NL,Noord-Brabant,,3014,3014
Meerkerk,51.9200,4.9942,Netherlands,NL,Zuid-Holland,minor,3007,3007
IJzendijke,51.3214,3.6164,Netherlands,NL,Zeeland,,3006,3006
Eenrum,53.3625,6.4606,Netherlands,NL,Groningen,,3001,3001
Oudshoorn,52.1333,4.6667,Netherlands,NL,Zuid-Holland,,2994,2994
Geulle,50.9225,5.7503,Netherlands,NL,Limburg,,2991,2991
Deil,51.8842,5.2442,Netherlands,NL,Gelderland,,2955,2955
Haps,51.6886,5.8608,Netherlands,NL,Noord-Brabant,,2940,2940
Kockengen,52.1517,4.9522,Netherlands,NL,Utrecht,,2935,2935
Koedijk,52.6750,4.7483,Netherlands,NL,Noord-Holland,,2931,2931
Zwammerdam,52.1058,4.7272,Netherlands,NL,Zuid-Holland,,2922,2922
Nieuw-Beijerland,51.8119,4.3425,Netherlands,NL,Zuid-Holland,,2905,2905
Luyksgestel,51.2900,5.3239,Netherlands,NL,Noord-Brabant,,2872,2872
Zevenhoven,52.1825,4.7789,Netherlands,NL,Zuid-Holland,,2864,2864
Dieren,52.0521,6.0974,Netherlands,NL,Gelderland,,2864,2864
Grathem,51.1925,5.8578,Netherlands,NL,Limburg,,2860,2860
Nijeveen,52.7328,6.1675,Netherlands,NL,Drenthe,,2860,2860
Standdaarbuiten,51.6122,4.5144,Netherlands,NL,Noord-Brabant,,2839,2839
Zweeloo,52.7936,6.7303,Netherlands,NL,Drenthe,,2834,2834
Middelstum,53.3500,6.6500,Netherlands,NL,Groningen,,2831,2831
Ameide,51.9539,4.9625,Netherlands,NL,Zuid-Holland,,2808,2808
Buurmalsen,51.8928,5.2925,Netherlands,NL,Gelderland,,2785,2785
Koewacht,51.2333,3.9667,Netherlands,NL,Zeeland,,2757,2757
Broek in Waterland,52.4342,4.9958,Netherlands,NL,Noord-Holland,,2756,2756
Hallum,53.3064,5.7856,Netherlands,NL,Fryslân,,2751,2751
Berlicum,51.6772,5.4000,Netherlands,NL,Noord-Brabant,,2715,2715
Gouderak,51.9842,4.6767,Netherlands,NL,Zuid-Holland,,2704,2704
Buren,51.9108,5.3336,Netherlands,NL,Gelderland,,2701,2701
Asperen,51.8814,5.1067,Netherlands,NL,Gelderland,minor,2695,2695
Callantsoog,52.8372,4.6967,Netherlands,NL,Noord-Holland,,2680,2680
Grevenbicht,51.0417,5.7728,Netherlands,NL,Limburg,,2626,2626
Giethoorn,52.7397,6.0775,Netherlands,NL,Overijssel,,2620,2620
Udenhout,51.6094,5.1403,Netherlands,NL,Noord-Brabant,,2604,2604
Thorn,51.1667,5.8333,Netherlands,NL,Limburg,,2602,2602
Oldehove,53.3025,6.3928,Netherlands,NL,Groningen,,2600,2600
Nieuwendam,52.3915,4.9341,Netherlands,NL,Noord-Holland,,2587,2587
Vlodrop,51.1333,6.0739,Netherlands,NL,Limburg,,2578,2578
Capelle,51.6922,4.9853,Netherlands,NL,Noord-Brabant,,2551,2551
Varsseveld,51.9433,6.4594,Netherlands,NL,Gelderland,,2545,2545
Wemeldinge,51.5175,3.9956,Netherlands,NL,Zeeland,,2537,2537
Groede,51.3789,3.5069,Netherlands,NL,Zeeland,,2537,2537
Nieuw-Helvoet,51.8381,4.1297,Netherlands,NL,Zuid-Holland,,2507,2507
Maarsseveen,52.1408,5.0736,Netherlands,NL,Utrecht,,2506,2506
Bergharen,51.8500,5.6689,Netherlands,NL,Gelderland,,2482,2482
Heeswijk,51.6514,5.4672,Netherlands,NL,Noord-Brabant,,2476,2476
Baexem,51.2244,5.8800,Netherlands,NL,Limburg,,2469,2469
Stedum,53.3225,6.6958,Netherlands,NL,Groningen,,2466,2466
Cothen,51.9961,5.3097,Netherlands,NL,Utrecht,,2458,2458
Streefkerk,51.8994,4.7419,Netherlands,NL,Zuid-Holland,,2438,2438
Loppersum,53.3317,6.7469,Netherlands,NL,Groningen,minor,2435,2435
Stoutenburg,52.1539,5.4325,Netherlands,NL,Utrecht,,2433,2433
Herwijnen,51.8253,5.1303,Netherlands,NL,Gelderland,,2418,2418
Broek op Langedijk,52.6725,4.8056,Netherlands,NL,Noord-Holland,,2408,2408
Geervliet,51.8611,4.2622,Netherlands,NL,Zuid-Holland,,2393,2393
Avenhorn,52.6200,4.9542,Netherlands,NL,Noord-Holland,,2330,2330
Ursem,52.6272,4.8917,Netherlands,NL,Noord-Holland,,2323,2323
Sambeek,51.6361,5.9661,Netherlands,NL,Noord-Brabant,,2295,2295
Oldekerk,53.2194,6.3389,Netherlands,NL,Groningen,,2282,2282
Nieuwolda,53.2447,6.9758,Netherlands,NL,Groningen,,2282,2282
Kantens,53.3656,6.6339,Netherlands,NL,Groningen,,2248,2248
Pannerden,51.8900,6.0378,Netherlands,NL,Gelderland,,2244,2244
Spanbroek,52.6981,4.9608,Netherlands,NL,Noord-Holland,,2232,2232
Nieuw-Vossemeer,51.5897,4.2181,Netherlands,NL,Noord-Brabant,,2219,2219
Winkel,52.7519,4.9036,Netherlands,NL,Noord-Holland,,2217,2217
Nieuwe-Tonge,51.7150,4.1653,Netherlands,NL,Zuid-Holland,,2190,2190
Ezinge,53.3092,6.4431,Netherlands,NL,Groningen,,2152,2152
Sint Maarten,52.7717,4.7475,Netherlands,NL,Noord-Holland,,2139,2139
Wadenoijen,51.8736,5.3722,Netherlands,NL,Gelderland,,2136,2136
Huijbergen,51.4325,4.3744,Netherlands,NL,Noord-Brabant,,2133,2133
Westmaas,51.7833,4.4667,Netherlands,NL,Zuid-Holland,,2126,2126
Geesteren,52.1389,6.5264,Netherlands,NL,Gelderland,,2116,2116
Tricht,51.8900,5.2725,Netherlands,NL,Gelderland,,2112,2112
Waardenburg,51.8322,5.2558,Netherlands,NL,Gelderland,,2106,2106
Vaassen,52.2881,5.9694,Netherlands,NL,Gelderland,,2087,2087
Nederlangbroek,52.0122,5.3269,Netherlands,NL,Utrecht,,2075,2075
Nieuwe-Niedorp,52.7380,4.8962,Netherlands,NL,Noord-Holland,,2049,2049
Melissant,51.7681,4.0761,Netherlands,NL,Zuid-Holland,,2035,2035
Ransdorp,52.3931,4.9942,Netherlands,NL,Noord-Holland,,2013,2013
Riethoven,51.3536,5.3864,Netherlands,NL,Noord-Brabant,,2003,2003
De Rijp,52.5569,4.8453,Netherlands,NL,Noord-Holland,minor,1998,1998
Meeden,53.1389,6.9275,Netherlands,NL,Groningen,,1989,1989
Noord-Scharwoude,52.7006,4.8103,Netherlands,NL,Noord-Holland,,1977,1977
Op-Andel,51.7839,5.0539,Netherlands,NL,Noord-Brabant,,1977,1977
Schalkwijk,51.9939,5.1872,Netherlands,NL,Utrecht,,1971,1971
Oud-Alblas,51.8569,4.7047,Netherlands,NL,Zuid-Holland,,1970,1970
Usquert,53.4028,6.6128,Netherlands,NL,Groningen,,1967,1967
Neeritter,51.1644,5.8036,Netherlands,NL,Limburg,,1950,1950
Stellendam,51.8047,4.0242,Netherlands,NL,Zuid-Holland,,1950,1950
Stavenisse,51.5861,4.0122,Netherlands,NL,Zeeland,,1945,1945
Esch,51.6103,5.2906,Netherlands,NL,Noord-Brabant,,1937,1937
Den Bommel,51.7153,4.2850,Netherlands,NL,Zuid-Holland,,1937,1937
Zegveld,52.1161,4.8347,Netherlands,NL,Utrecht,,1909,1909
Hegelsom,51.4400,6.0375,Netherlands,NL,Limburg,,1907,1907
Broekhuizen,51.4853,6.1633,Netherlands,NL,Limburg,,1906,1906
Everdingen,51.9647,5.1564,Netherlands,NL,Zuid-Holland,,1894,1894
Merkelbeek,50.9542,5.9403,Netherlands,NL,Limburg,,1874,1874
Oudkarspel,52.7114,4.8017,Netherlands,NL,Noord-Holland,,1873,1873
Vierpolders,51.8783,4.1794,Netherlands,NL,Zuid-Holland,,1872,1872
Nieuwenhoorn,51.8542,4.1453,Netherlands,NL,Zuid-Holland,,1866,1866
Mheer,50.7828,5.7931,Netherlands,NL,Limburg,,1851,1851
Stoppeldijkveer,51.3219,3.9856,Netherlands,NL,Zeeland,,1822,1822
Zuidland,51.8219,4.2581,Netherlands,NL,Zuid-Holland,,1808,1808
Buiksloot,52.3989,4.9221,Netherlands,NL,Noord-Holland,,1801,1801
Herpen,51.7717,5.6417,Netherlands,NL,Noord-Brabant,,1801,1801
Grootebroek,52.6989,5.2189,Netherlands,NL,Noord-Holland,,1796,1796
Wanneperveen,52.7044,6.1206,Netherlands,NL,Overijssel,,1788,1788
Westwoud,52.6864,5.1333,Netherlands,NL,Noord-Holland,,1743,1743
Zuid-Scharwoude,52.6842,4.8081,Netherlands,NL,Noord-Holland,minor,1732,1732
Beltrum,52.0689,6.5658,Netherlands,NL,Gelderland,,1725,1725
Goudswaard,51.7936,4.2783,Netherlands,NL,Zuid-Holland,,1723,1723
Besoijen,51.6833,5.0500,Netherlands,NL,Noord-Brabant,,1705,1705
Baardwijk,51.6919,5.0956,Netherlands,NL,Noord-Brabant,,1705,1705
Rozendaal,52.0000,5.9667,Netherlands,NL,Gelderland,minor,1704,1704
Harfsen,52.2075,6.2972,Netherlands,NL,Gelderland,,1678,1678
Jaarsveld,51.9694,4.9772,Netherlands,NL,Utrecht,,1672,1672
Blokzijl,52.7264,5.9617,Netherlands,NL,Overijssel,,1666,1666
Graft,52.5608,4.8339,Netherlands,NL,Noord-Holland,,1651,1651
Veere,51.5500,3.6667,Netherlands,NL,Zeeland,,1650,1650
Terborg,51.9203,6.3575,Netherlands,NL,Gelderland,,1643,1643
Engelen,51.7208,5.2658,Netherlands,NL,Noord-Brabant,,1617,1617
Borssele,51.4231,3.7353,Netherlands,NL,Zeeland,,1615,1615
Oude-Niedorp,52.7178,4.8719,Netherlands,NL,Noord-Holland,,1609,1609
Stevensweert,51.1292,5.8483,Netherlands,NL,Limburg,,1588,1588
Werkhoven,52.0239,5.2431,Netherlands,NL,Utrecht,,1580,1580
Schin op Geul,50.8542,5.8694,Netherlands,NL,Limburg,,1579,1579
Veen,51.7769,5.1097,Netherlands,NL,Noord-Brabant,,1579,1579
Boven-Leeuwen,51.8842,5.5294,Netherlands,NL,Gelderland,,1565,1565
Colijnsplaat,51.5986,3.8481,Netherlands,NL,Zeeland,,1563,1563
Aagtekerke,51.5464,3.5094,Netherlands,NL,Zeeland,,1556,1556
Domburg,51.5625,3.4964,Netherlands,NL,Zeeland,minor,1553,1553
Noordeloos,51.9042,4.9417,Netherlands,NL,Zuid-Holland,,1536,1536
Oosterbeek,51.9847,5.8444,Netherlands,NL,Gelderland,minor,1533,1533
Oudenhoorn,51.8269,4.1917,Netherlands,NL,Zuid-Holland,,1530,1530
Bredevoort,51.9500,6.6167,Netherlands,NL,Gelderland,,1525,1525
Ochten,51.9078,5.5678,Netherlands,NL,Gelderland,,1522,1522
Gronsveld,50.8086,5.7300,Netherlands,NL,Limburg,,1517,1517
Opperdoes,52.7597,5.0781,Netherlands,NL,Noord-Holland,,1512,1512
Abbekerk,52.7308,5.0175,Netherlands,NL,Noord-Holland,,1495,1495
Sint Geertruid,50.7964,5.7656,Netherlands,NL,Limburg,,1482,1482
Wieringerwaard,52.8400,4.8678,Netherlands,NL,Noord-Holland,,1479,1479
Nieuwkuijk,51.6936,5.1806,Netherlands,NL,Noord-Brabant,,1472,1472
Hoornaar,51.8767,4.9469,Netherlands,NL,Zuid-Holland,minor,1468,1468
Nijbroek,52.2928,6.0625,Netherlands,NL,Gelderland,,1455,1455
Berkenwoude,51.9453,4.7089,Netherlands,NL,Zuid-Holland,,1449,1449
Schoonrewoerd,51.9206,5.1158,Netherlands,NL,Zuid-Holland,,1448,1448
Midwoud,52.7178,5.0736,Netherlands,NL,Noord-Holland,,1440,1440
Velp,51.9947,5.9758,Netherlands,NL,Gelderland,,1437,1437
Horssen,51.8556,5.6086,Netherlands,NL,Gelderland,,1418,1418
Wanssum,51.5358,6.0753,Netherlands,NL,Limburg,,1414,1414
Piershil,51.7933,4.3147,Netherlands,NL,Zuid-Holland,minor,1406,1406
Hoogblokland,51.8742,4.9750,Netherlands,NL,Zuid-Holland,,1392,1392
Hedikhuizen,51.7356,5.1839,Netherlands,NL,Noord-Brabant,,1387,1387
Herveld,51.8989,5.7475,Netherlands,NL,Gelderland,,1383,1383
Vreeland,52.2297,5.0311,Netherlands,NL,Utrecht,,1373,1373
Zwartewaal,51.8833,4.2208,Netherlands,NL,Zuid-Holland,,1366,1366
Varik,51.8233,5.3692,Netherlands,NL,Gelderland,,1363,1363
Garderen,52.2331,5.7139,Netherlands,NL,Gelderland,,1361,1361
Schimmert,50.9056,5.8219,Netherlands,NL,Limburg,,1356,1356
Brouwershaven,51.7264,3.9142,Netherlands,NL,Zeeland,,1352,1352
Lunteren,52.0872,5.6219,Netherlands,NL,Gelderland,,1328,1328
Stad aan ’t Haringvliet,51.7392,4.2419,Netherlands,NL,Zuid-Holland,,1323,1323
Wijdewormer,52.5002,4.8924,Netherlands,NL,Noord-Holland,,1321,1321
Vinkeveen,52.2128,4.9272,Netherlands,NL,Utrecht,,1316,1316
Oudenrijn,52.0819,5.0600,Netherlands,NL,Utrecht,,1312,1312
Rijswijk,51.7975,5.0236,Netherlands,NL,Noord-Brabant,,1310,1310
Zes Gehuchten,51.4211,5.5378,Netherlands,NL,Noord-Brabant,,1302,1302
Rijnsaterwoude,52.1986,4.6694,Netherlands,NL,Zuid-Holland,,1300,1300
Netterden,51.8544,6.3142,Netherlands,NL,Gelderland,,1300,1300
Etten,51.9167,6.3364,Netherlands,NL,Gelderland,,1281,1281
Eede,51.2467,3.4436,Netherlands,NL,Zeeland,,1275,1275
Kattendijke,51.5228,3.9433,Netherlands,NL,Zeeland,,1274,1274
Posterholt,51.1219,6.0378,Netherlands,NL,Limburg,,1270,1270
Leerbroek,51.9089,5.0514,Netherlands,NL,Zuid-Holland,,1263,1263
Oosthuizen,52.5708,4.9958,Netherlands,NL,Noord-Holland,minor,1262,1262
Rijsenburg,52.0436,5.2531,Netherlands,NL,Utrecht,,1251,1251
Nigtevecht,52.2742,5.0278,Netherlands,NL,Utrecht,,1245,1245
Hoogvliet,51.8667,4.3500,Netherlands,NL,Zuid-Holland,,1227,1227
Wilp,52.2186,6.1497,Netherlands,NL,Gelderland,,1221,1221
Kedichem,51.8600,5.0503,Netherlands,NL,Zuid-Holland,,1217,1217
Nieuwpoort,51.9347,4.8681,Netherlands,NL,Zuid-Holland,,1213,1213
Giessen,51.7886,5.0328,Netherlands,NL,Noord-Brabant,,1209,1209
Zuilichem,51.8086,5.1344,Netherlands,NL,Gelderland,,1199,1199
Ophemert,51.8453,5.3842,Netherlands,NL,Gelderland,,1187,1187
Voorthuizen,52.1861,5.6067,Netherlands,NL,Gelderland,,1185,1185
Groot-Ammers,51.9236,4.8206,Netherlands,NL,Zuid-Holland,,1173,1173
Staveren,52.8833,5.3583,Netherlands,NL,Fryslân,,1172,1172
Bleskensgraaf,51.8719,4.7828,Netherlands,NL,Zuid-Holland,minor,1167,1167
Hooge Mierde,51.3986,5.1409,Netherlands,NL,Noord-Brabant,,1164,1164
Heerewaarden,51.8178,5.3917,Netherlands,NL,Gelderland,,1149,1149
Genderen,51.7353,5.0878,Netherlands,NL,Noord-Brabant,,1149,1149
Noorbeek,50.7681,5.8131,Netherlands,NL,Limburg,,1147,1147
Polsbroek,51.9781,4.8519,Netherlands,NL,Utrecht,,1139,1139
Brandwijk,51.8886,4.8136,Netherlands,NL,Zuid-Holland,,1139,1139
Hekelingen,51.8267,4.3422,Netherlands,NL,Zuid-Holland,,1125,1125
Westkapelle,51.5293,3.4409,Netherlands,NL,Zeeland,,1115,1115
Nieuwerkerke,51.7000,3.8903,Netherlands,NL,Zeeland,,1108,1108
Schelluinen,51.8425,4.9258,Netherlands,NL,Zuid-Holland,,1103,1103
Zuidzande,51.3411,3.4519,Netherlands,NL,Zeeland,,1098,1098
Odijk,52.0503,5.2333,Netherlands,NL,Utrecht,minor,1097,1097
Oud-Heusden,51.7231,5.1361,Netherlands,NL,Noord-Brabant,,1082,1082
Ankeveen,52.2653,5.0989,Netherlands,NL,Noord-Holland,,1073,1073
Willeskop,52.0242,4.9014,Netherlands,NL,Utrecht,,1070,1070
Herkingen,51.7100,4.0872,Netherlands,NL,Zuid-Holland,,1066,1066
Zonnemaire,51.7125,3.9508,Netherlands,NL,Zeeland,,1060,1060
Nederhemert,51.7652,5.1682,Netherlands,NL,Gelderland,,1058,1058
Lent,51.8631,5.8667,Netherlands,NL,Gelderland,,1053,1053
Twello,52.2333,6.1022,Netherlands,NL,Gelderland,minor,1051,1051
Kerkbuurt,52.4581,5.1067,Netherlands,NL,Noord-Holland,,1036,1036
Barwoutswaarder,52.0825,4.8636,Netherlands,NL,Zuid-Holland,,1035,1035
Goudriaan,51.9028,4.8881,Netherlands,NL,Zuid-Holland,,1033,1033
Oranjestad,17.4833,-62.9833,Netherlands,NL,,admin,1021,1021
Waarder,52.0614,4.8225,Netherlands,NL,Zuid-Holland,,1014,1014
Doorwerth,51.9781,5.7953,Netherlands,NL,Gelderland,,1009,1009
Reek,51.7447,5.6831,Netherlands,NL,Noord-Brabant,,1007,1007
Jisp,52.5000,4.8333,Netherlands,NL,Noord-Holland,,1001,1001
Twisk,52.7403,5.0517,Netherlands,NL,Noord-Holland,,992,992
Zuiddorpe,51.2342,3.9017,Netherlands,NL,Zeeland,,983,983
Groote Lindt,51.8106,4.6289,Netherlands,NL,Zuid-Holland,,981,981
Schore,51.4625,3.9989,Netherlands,NL,Zeeland,,978,978
Molenaarsgraaf,51.8767,4.8231,Netherlands,NL,Zuid-Holland,,970,970
Oterleek,52.6333,4.8417,Netherlands,NL,Noord-Holland,,969,969
Lierop,51.4178,5.6819,Netherlands,NL,Noord-Brabant,,944,944
Dalem,51.8278,5.0094,Netherlands,NL,Gelderland,,937,937
Schiermonnikoog,53.4892,6.2022,Netherlands,NL,Fryslân,minor,936,936
Veessen,52.3761,6.0892,Netherlands,NL,Gelderland,,928,928
Middelie,52.5322,5.0172,Netherlands,NL,Noord-Holland,,921,921
Grijpskerke,51.5339,3.5617,Netherlands,NL,Zeeland,,920,920
Rilland,51.4164,4.1808,Netherlands,NL,Zeeland,,917,917
Ossenisse,51.3883,3.9778,Netherlands,NL,Zeeland,,904,904
Broeksittard,51.0000,5.8833,Netherlands,NL,Limburg,,899,899
Sloten,52.8944,5.6453,Netherlands,NL,Fryslân,,899,899
Achttienhoven,52.1483,5.1389,Netherlands,NL,Utrecht,,898,898
Ottoland,51.8931,4.8756,Netherlands,NL,Zuid-Holland,,895,895
Bennekom,51.9994,5.6756,Netherlands,NL,Gelderland,,885,885
Noordgouwe,51.6936,3.9386,Netherlands,NL,Zeeland,,882,882
Veldhuizen,52.0764,5.0075,Netherlands,NL,Utrecht,,869,869
Hall,52.1100,6.1014,Netherlands,NL,Gelderland,,850,850
Hekendorp,52.0153,4.8092,Netherlands,NL,Zuid-Holland,,843,843
Sluipwijk,52.0553,4.7419,Netherlands,NL,Zuid-Holland,,840,840
Snelrewaard,52.0331,4.9169,Netherlands,NL,Utrecht,,799,799
Schellinkhout,52.6342,5.1203,Netherlands,NL,Noord-Holland,,792,792
Oudelande,51.4083,3.8536,Netherlands,NL,Zeeland,,779,779
Rietveld,52.0897,4.8511,Netherlands,NL,Zuid-Holland,,767,767
Ellewoutsdijk,51.3903,3.8158,Netherlands,NL,Zeeland,,761,761
Buggenum,51.2314,5.9825,Netherlands,NL,Limburg,,755,755
Jabeek,50.9808,5.9417,Netherlands,NL,Limburg,,754,754
Meliskerke,51.5153,3.5119,Netherlands,NL,Zeeland,,749,749
Lithoijen,51.8025,5.4633,Netherlands,NL,Noord-Brabant,,746,746
Grafhorst,52.5825,5.9339,Netherlands,NL,Overijssel,,739,739
Hoenkoop,52.0153,4.8092,Netherlands,NL,Utrecht,,724,724
Sint Kruis,51.2731,3.4997,Netherlands,NL,Zeeland,,721,721
Winssen,51.8833,5.7000,Netherlands,NL,Gelderland,,708,708
Batenburg,51.8233,5.6278,Netherlands,NL,Gelderland,,700,700
Loenersloot,52.2297,5.0014,Netherlands,NL,Utrecht,,700,700
Vlierden,51.4456,5.7581,Netherlands,NL,Noord-Brabant,,699,699
Opijnen,51.8278,5.2983,Netherlands,NL,Gelderland,,698,698
Waterlandkerkje,51.3175,3.5539,Netherlands,NL,Zeeland,,689,689
Slenaken,50.7678,5.8622,Netherlands,NL,Limburg,,684,684
Wijngaarden,51.8444,4.7611,Netherlands,NL,Zuid-Holland,,684,684
Gassel,51.7403,5.7803,Netherlands,NL,Noord-Brabant,,653,653
Maasbommel,51.8208,5.5364,Netherlands,NL,Gelderland,,648,648
Borgharen,50.8781,5.6883,Netherlands,NL,Limburg,,645,645
Spaarnwoude,52.4039,4.6942,Netherlands,NL,Noord-Holland,,644,644
Heukelum,51.8731,5.0767,Netherlands,NL,Zuid-Holland,,642,642
Dommelen,51.3569,5.4306,Netherlands,NL,Noord-Brabant,,640,640
Otterlo,52.1000,5.7833,Netherlands,NL,Gelderland,,628,628
Bruchem,51.7853,5.2367,Netherlands,NL,Gelderland,,620,620
Hurwenen,51.8106,5.3178,Netherlands,NL,Gelderland,,618,618
Elkerzee,51.7250,3.8436,Netherlands,NL,Zeeland,,615,615
Zuidveen,52.7769,6.1083,Netherlands,NL,Overijssel,,610,610
IJzendoorn,51.9064,5.5331,Netherlands,NL,Gelderland,,604,604
Hernen,51.8331,5.6806,Netherlands,NL,Gelderland,,600,600
Herpt,51.7333,5.1500,Netherlands,NL,Noord-Brabant,,593,593
Verwolde,52.2006,6.3919,Netherlands,NL,Gelderland,,583,583
Ellemeet,51.7297,3.8164,Netherlands,NL,Zeeland,,582,582
Haarzuilens,52.1214,4.9964,Netherlands,NL,Utrecht,,572,572
Montfort,51.1261,5.9486,Netherlands,NL,Limburg,,562,562
Blankenham,52.7647,5.8964,Netherlands,NL,Overijssel,,561,561
Bommenede,51.7344,3.9789,Netherlands,NL,Zeeland,,545,545
Vrijhoeve-Capelle,51.6667,5.0333,Netherlands,NL,Noord-Brabant,,543,543
Oost-Souburg,51.4636,3.6008,Netherlands,NL,Zeeland,,541,541
Warder,52.5641,5.0311,Netherlands,NL,Noord-Holland,,538,538
Tempel,51.9656,4.4461,Netherlands,NL,Zuid-Holland,,537,537
Waverveen,52.2206,4.8961,Netherlands,NL,Utrecht,,537,537
Balgoij,51.7803,5.7139,Netherlands,NL,Gelderland,,510,510
Stein,52.0000,4.7833,Netherlands,NL,Zuid-Holland,,496,496
The Bottom,17.6261,-63.2492,Netherlands,NL,,admin,495,495
Deursen,51.8020,5.6250,Netherlands,NL,Noord-Brabant,,494,494
Oost-Knollendam,52.5172,4.7903,Netherlands,NL,Noord-Holland,,492,492
Laagnieuwkoop,52.1322,4.9836,Netherlands,NL,Utrecht,,489,489
Kwadijk,52.5275,4.9811,Netherlands,NL,Noord-Holland,,487,487
Pieterburen,53.4000,6.4531,Netherlands,NL,Groningen,,455,455
Velp,51.7478,5.7172,Netherlands,NL,Noord-Brabant,,452,452
Wieldrecht,51.7833,4.6500,Netherlands,NL,Zuid-Holland,,442,442
Sint Anthoniepolder,51.7972,4.5333,Netherlands,NL,Zuid-Holland,,433,433
Sandelingen-Ambacht,51.8458,4.6167,Netherlands,NL,Zuid-Holland,,425,425
Oudhuizen,52.2000,4.9333,Netherlands,NL,Utrecht,,413,413
Petten,52.7678,4.6583,Netherlands,NL,Noord-Holland,,411,411
Spijk,51.8550,5.0078,Netherlands,NL,Zuid-Holland,,409,409
Puiflijk,51.8792,5.5903,Netherlands,NL,Gelderland,,401,401
Drongelen,51.7150,5.0542,Netherlands,NL,Noord-Brabant,,398,398
Peursum,51.8500,4.9167,Netherlands,NL,Zuid-Holland,,393,393
Rijckholt,50.7994,5.7311,Netherlands,NL,Limburg,,375,375
Kleine-Lindt,51.8294,4.5750,Netherlands,NL,Zuid-Holland,,364,364
Rimburg,50.9169,6.0867,Netherlands,NL,Limburg,,352,352
Grosthuizen,52.6167,4.9833,Netherlands,NL,Noord-Holland,,337,337
Nunhem,51.2447,5.9611,Netherlands,NL,Limburg,,337,337
Strucht,50.8500,5.8667,Netherlands,NL,Limburg,,333,333
Ittervoort,51.1719,5.8211,Netherlands,NL,Limburg,,330,330
Cillaarshoek,51.7706,4.5461,Netherlands,NL,Zuid-Holland,,312,312
Strijensas,51.7158,4.5861,Netherlands,NL,Zuid-Holland,,306,306
Mesch,50.7631,5.7328,Netherlands,NL,Limburg,,302,302
Hoogmade,52.1692,4.5819,Netherlands,NL,Zuid-Holland,,291,291
Haarlemmerliede,52.3881,4.6875,Netherlands,NL,Noord-Holland,,290,290
Oud-Wulven,52.0444,5.1550,Netherlands,NL,Utrecht,,286,286
Weurt,51.8833,5.7000,Netherlands,NL,Gelderland,,283,283
Hoenzadriel,51.7500,5.3333,Netherlands,NL,Gelderland,,278,278
Sterkenburg,52.0223,5.2826,Netherlands,NL,Utrecht,,275,275
Zouteveen,51.9500,4.3339,Netherlands,NL,Zuid-Holland,,274,274
Katwoude,52.4694,5.0506,Netherlands,NL,Noord-Holland,,274,274
Bokhoven,51.7372,5.2319,Netherlands,NL,Noord-Brabant,,260,260
Kats,51.5672,3.8856,Netherlands,NL,Zeeland,,256,256
Darthuizen,52.0125,5.3981,Netherlands,NL,Utrecht,,251,251
Stormpolder,51.9117,4.5744,Netherlands,NL,Zuid-Holland,,248,248
Schiedam,51.9192,4.3889,Netherlands,NL,Zuid-Holland,minor,,
Zoetermeer,52.0575,4.4931,Netherlands,NL,Zuid-Holland,minor,,
Hoorn,52.6425,5.0597,Netherlands,NL,Noord-Holland,minor,,
Rijswijk,52.0363,4.3250,Netherlands,NL,Zuid-Holland,minor,,
Nijmegen,51.8425,5.8528,Netherlands,NL,Gelderland,minor,,
Papendrecht,51.8317,4.6875,Netherlands,NL,Zuid-Holland,minor,,
Alkmaar,52.6320,4.7510,Netherlands,NL,Noord-Holland,minor,,
Vlaardingen,51.9125,4.3417,Netherlands,NL,Zuid-Holland,minor,,
Barendrecht,51.8567,4.5347,Netherlands,NL,Zuid-Holland,minor,,
Amersfoort,52.1550,5.3875,Netherlands,NL,Utrecht,minor,,
Voorschoten,52.1275,4.4486,Netherlands,NL,Zuid-Holland,minor,,
Kralendijk,12.1517,-68.2761,Netherlands,NL,,admin,,
Alblasserdam,51.8658,4.6611,Netherlands,NL,Zuid-Holland,minor,,
Amstelveen,52.3008,4.8639,Netherlands,NL,Noord-Holland,minor,,
Leiden,52.1583,4.4931,Netherlands,NL,Zuid-Holland,minor,,
Tilburg,51.5572,5.0911,Netherlands,NL,Noord-Brabant,minor,,
Helmond,51.4817,5.6611,Netherlands,NL,Noord-Brabant,minor,,
Volendam,52.4994,5.0675,Netherlands,NL,Noord-Holland,minor,,
Pijnacker,52.0183,4.4361,Netherlands,NL,Zuid-Holland,minor,,
Lisse,52.2600,4.5569,Netherlands,NL,Zuid-Holland,minor,,
Hillegom,52.2908,4.5833,Netherlands,NL,Zuid-Holland,minor,,
Hengelo,52.2658,6.7931,Netherlands,NL,Overijssel,minor,,
Dordrecht,51.8100,4.6736,Netherlands,NL,Zuid-Holland,minor,,
Enkhuizen,52.7033,5.2917,Netherlands,NL,Noord-Holland,minor,,
Naaldwijk,51.9936,4.2133,Netherlands,NL,Zuid-Holland,minor,,
Wageningen,51.9700,5.6667,Netherlands,NL,Gelderland,minor,,
Enschede,52.2183,6.8958,Netherlands,NL,Overijssel,minor,,
Almelo,52.3567,6.6625,Netherlands,NL,Overijssel,minor,,
Schagen,52.7886,4.8019,Netherlands,NL,Noord-Holland,minor,,
Soest,52.1733,5.2917,Netherlands,NL,Utrecht,minor,,
Uithoorn,52.2375,4.8264,Netherlands,NL,Noord-Holland,minor,,
Best,51.5075,5.3903,Netherlands,NL,Noord-Brabant,minor,,
Hoofddorp,52.3000,4.6667,Netherlands,NL,Noord-Holland,minor,,
Waddinxveen,52.0450,4.6514,Netherlands,NL,Zuid-Holland,minor,,
Weesp,52.3075,5.0417,Netherlands,NL,Noord-Holland,minor,,
Vught,51.6558,5.2936,Netherlands,NL,Noord-Brabant,minor,,
Halfweg,52.3828,4.7550,Netherlands,NL,Noord-Holland,minor,,
Baarn,52.2117,5.2875,Netherlands,NL,Utrecht,minor,,
Raamsdonksveer,51.6993,4.8792,Netherlands,NL,Noord-Brabant,minor,,
Doetinchem,51.9656,6.2889,Netherlands,NL,Gelderland,minor,,
Waalwijk,51.6825,5.0694,Netherlands,NL,Noord-Brabant,minor,,
Noordwijkerhout,52.2617,4.4931,Netherlands,NL,Zuid-Holland,minor,,
Simpelveld,50.8339,5.9814,Netherlands,NL,Limburg,minor,,
Bunschoten-Spakenburg,52.2417,5.3748,Netherlands,NL,Utrecht,minor,,
Nuenen,51.4667,5.5500,Netherlands,NL,Noord-Brabant,minor,,
Bilthoven,52.1283,5.1986,Netherlands,NL,Utrecht,minor,,
Nijkerk,52.2214,5.4842,Netherlands,NL,Gelderland,minor,,
Meppel,52.6958,6.1944,Netherlands,NL,Drenthe,minor,,
Kaatsheuvel,51.6667,5.0667,Netherlands,NL,Noord-Brabant,minor,,
Oss,51.7650,5.5181,Netherlands,NL,Noord-Brabant,minor,,
Overveen,52.4000,4.6000,Netherlands,NL,Noord-Holland,minor,,
De Steeg,52.0197,6.0608,Netherlands,NL,Gelderland,minor,,
Brielle,51.9017,4.1625,Netherlands,NL,Zuid-Holland,minor,,
Hoogezand,53.1572,6.7533,Netherlands,NL,Groningen,minor,,
Vianen,51.9889,5.0917,Netherlands,NL,Utrecht,minor,,
Reuver,51.2850,6.0792,Netherlands,NL,Limburg,minor,,
Appingedam,53.3217,6.8583,Netherlands,NL,Groningen,minor,,
Wijk bij Duurstede,51.9742,5.3417,Netherlands,NL,Utrecht,minor,,
Drachten,53.1000,6.1000,Netherlands,NL,Fryslân,minor,,
Weert,51.2510,5.7090,Netherlands,NL,Limburg,minor,,
Nuth,50.9175,5.8861,Netherlands,NL,Limburg,minor,,
Valkenburg,50.8652,5.8320,Netherlands,NL,Limburg,minor,,
Mook,51.7525,5.8817,Netherlands,NL,Limburg,minor,,
Nieuw-Loosdrecht,52.2019,5.1406,Netherlands,NL,Noord-Holland,minor,,
Malden,51.7808,5.8544,Netherlands,NL,Gelderland,minor,,
Rijen,51.5920,4.9168,Netherlands,NL,Noord-Brabant,minor,,
Voerendaal,50.8825,5.9272,Netherlands,NL,Limburg,minor,,
Landsmeer,52.4308,4.9153,Netherlands,NL,Noord-Holland,minor,,
Haren,53.1721,6.6093,Netherlands,NL,Groningen,minor,,
Roelofarendsveen,52.2061,4.6361,Netherlands,NL,Zuid-Holland,minor,,
Oudenbosch,51.5892,4.5239,Netherlands,NL,Noord-Brabant,minor,,
Elburg,52.4500,5.8333,Netherlands,NL,Gelderland,minor,,
Opheusden,51.9333,5.6297,Netherlands,NL,Gelderland,minor,,
Kerkdriel,51.7711,5.3367,Netherlands,NL,Gelderland,minor,,
Veendam,53.1061,6.8719,Netherlands,NL,Groningen,minor,,
Montfoort,52.0458,4.9528,Netherlands,NL,Utrecht,minor,,
Rucphen,51.5325,4.5583,Netherlands,NL,Noord-Brabant,minor,,
Nieuwveen,52.1944,4.7569,Netherlands,NL,Zuid-Holland,minor,,
Hazerswoude-Rijndijk,52.1292,4.5931,Netherlands,NL,Zuid-Holland,minor,,
Leek,53.1616,6.3847,Netherlands,NL,Groningen,minor,,
Geffen,51.7392,5.4639,Netherlands,NL,Noord-Brabant,minor,,
Gendringen,51.8733,6.3764,Netherlands,NL,Gelderland,minor,,
Woudrichem,51.8128,5.0003,Netherlands,NL,Noord-Brabant,minor,,
De Goorn,52.6303,4.9444,Netherlands,NL,Noord-Holland,minor,,
Panningen,51.3275,5.9817,Netherlands,NL,Limburg,minor,,
Buitenpost,53.2500,6.1500,Netherlands,NL,Fryslân,minor,,
Bergambacht,51.9328,4.7936,Netherlands,NL,Zuid-Holland,minor,,
Lobith,51.8617,6.1181,Netherlands,NL,Gelderland,minor,,
Geldermalsen,51.8789,5.2897,Netherlands,NL,Gelderland,minor,,
Rockanje,51.8706,4.0689,Netherlands,NL,Zuid-Holland,minor,,
Nijverdal,52.3631,6.4617,Netherlands,NL,Overijssel,minor,,
Wierden,52.3592,6.5931,Netherlands,NL,Overijssel,minor,,
Made,51.6764,4.7925,Netherlands,NL,Noord-Brabant,minor,,
Brummen,52.0833,6.1500,Netherlands,NL,Gelderland,minor,,
Stiens,53.2608,5.7575,Netherlands,NL,Fryslân,minor,,
Hoogerheide,51.4239,4.3239,Netherlands,NL,Noord-Brabant,minor,,
Oudewater,52.0250,4.8681,Netherlands,NL,Utrecht,minor,,
Beek-Ubbergen,51.8292,5.9258,Netherlands,NL,Gelderland,minor,,
Gemert,51.5558,5.6867,Netherlands,NL,Noord-Brabant,minor,,
Beneden-Leeuwen,51.8811,5.5178,Netherlands,NL,Gelderland,minor,,
Bedum,53.3003,6.6025,Netherlands,NL,Groningen,minor,,
Heerde,52.3833,6.0333,Netherlands,NL,Gelderland,minor,,
Haaksbergen,52.1567,6.7389,Netherlands,NL,Overijssel,minor,,
Damwâld,53.2900,5.9957,Netherlands,NL,Fryslân,minor,,
Horst,51.4514,6.0536,Netherlands,NL,Limburg,minor,,
Raalte,52.3828,6.2828,Netherlands,NL,Overijssel,minor,,
Stadskanaal,52.9895,6.9504,Netherlands,NL,Groningen,minor,,
Terneuzen,51.3333,3.8333,Netherlands,NL,Zeeland,minor,,
Burgum,53.1922,5.9942,Netherlands,NL,Fryslân,minor,,
Nunspeet,52.3667,5.7833,Netherlands,NL,Gelderland,minor,,
Epe,52.3464,5.9842,Netherlands,NL,Gelderland,minor,,
Mill,51.6850,5.7836,Netherlands,NL,Noord-Brabant,minor,,
Abbenbroek,51.8486,4.2428,Netherlands,NL,Zuid-Holland,minor,,
Kruiningen,51.4481,4.0342,Netherlands,NL,Zeeland,minor,,
Gulpen,50.8156,5.8886,Netherlands,NL,Limburg,minor,,
Menaam,53.2158,5.6606,Netherlands,NL,Fryslân,minor,,
Delfzijl,53.3300,6.9181,Netherlands,NL,Groningen,minor,,
Lemmer,52.8437,5.7093,Netherlands,NL,Fryslân,minor,,
Tholen,51.5322,4.2206,Netherlands,NL,Zeeland,minor,,
Dalfsen,52.5064,6.2606,Netherlands,NL,Overijssel,minor,,
Strijen,51.7452,4.5508,Netherlands,NL,Zuid-Holland,minor,,
Nederweert,51.2858,5.7486,Netherlands,NL,Limburg,minor,,
Marum,53.1442,6.2678,Netherlands,NL,Groningen,minor,,
Heinkenszand,51.4730,3.8128,Netherlands,NL,Zeeland,minor,,
Lochem,52.1606,6.4158,Netherlands,NL,Gelderland,minor,,
Steenbergen,51.5841,4.3177,Netherlands,NL,Noord-Brabant,minor,,
Roden,53.1400,6.4262,Netherlands,NL,Drenthe,minor,,
Wijhe,52.3864,6.1333,Netherlands,NL,Overijssel,minor,,
Heeze,51.3828,5.5715,Netherlands,NL,Noord-Brabant,minor,,
Joure,52.9661,5.7997,Netherlands,NL,Fryslân,minor,,
Denekamp,52.3794,7.0089,Netherlands,NL,Overijssel,minor,,
Grootegast,53.2093,6.2711,Netherlands,NL,Groningen,minor,,
Hulst,51.2800,4.0528,Netherlands,NL,Zeeland,minor,,
Beetsterzwaag,53.0611,6.0775,Netherlands,NL,Fryslân,minor,,
Grou,53.1000,5.8300,Netherlands,NL,Fryslân,minor,,
Coevorden,52.6610,6.7405,Netherlands,NL,Drenthe,minor,,
Sint Annaparochie,53.2764,5.6572,Netherlands,NL,Fryslân,minor,,
Middenbeemster,52.5483,4.9197,Netherlands,NL,Noord-Holland,minor,,
Wolvega,52.8755,5.9969,Netherlands,NL,Fryslân,minor,,
Oosterwolde,52.9903,6.2914,Netherlands,NL,Fryslân,minor,,
Kollum,53.2792,6.1508,Netherlands,NL,Fryslân,minor,,
Balk,52.8983,5.5783,Netherlands,NL,Fryslân,minor,,
Zuidwolde,52.6746,6.4247,Netherlands,NL,Drenthe,minor,,
Emmeloord,52.7097,5.7508,Netherlands,NL,Flevoland,minor,,
Slochteren,53.2208,6.8055,Netherlands,NL,Groningen,minor,,
Alphen,51.4830,4.9562,Netherlands,NL,Noord-Brabant,minor,,
Wissenkerke,51.5855,3.7472,Netherlands,NL,Zeeland,minor,,
Exloo,52.8802,6.8611,Netherlands,NL,Drenthe,minor,,
Ferwert,53.3378,5.8247,Netherlands,NL,Fryslân,minor,,
Oostburg,51.3333,3.5000,Netherlands,NL,Zeeland,minor,,
Stompetoren,52.6153,4.8228,Netherlands,NL,Noord-Holland,minor,,
Den Burg,53.0558,4.7961,Netherlands,NL,Noord-Holland,minor,,
Wommels,53.1088,5.5875,Netherlands,NL,Fryslân,minor,,
Sellingen,52.9464,7.1514,Netherlands,NL,Groningen,minor,,
Ballum,53.4441,5.6876,Netherlands,NL,Fryslân,minor,,
West-Terschelling,53.3608,5.2156,Netherlands,NL,Fryslân,minor,,
Oost-Vlieland,53.2959,5.0665,Netherlands,NL,Fryslân,minor,,
