job_id,job_title,job_date,job_loc,city_id,job_summary,job_salary,job_education,job_url,company_name,company_type,search_time,search_position,source,search_qualified
0031e33b6d7d2877,Business Controller,2022-05-24,Postcode 5211 in Den Bosch,14.0,"Act as the key contact person and central escalation point for the organization on inventory related topics, including contacts with auditors.",[],master,https://www.indeed.nl/rc/clk?jk=0031e33b6d7d2877&fccid=a125e42080372f4c&vjs=3,BrandLoyalty,employer,2022-06-23 00:31:40,auditor,indeed.nl,True
0050aa937f8a35f3,Subcontractor Verifier,2022-05-24,Rotterdam,4.0,"Position Type:Contractor On Demand.
Bent U enthousiast en ervaren op het gebied van kwaliteit-, veiligheid- en milieu- managementsystemen?
Wat vragen wij van u?",[],master,https://www.indeed.nl/rc/clk?jk=0050aa937f8a35f3&fccid=51e6d37e31a6306f&vjs=3,Lloyd's Register Group,employer,2022-06-23 00:31:40,auditor,indeed.nl,False
013ac2bf6f7f6fb4,Credit Model Strategist,2022-06-22,Thuiswerken in Postcode 3521 in Utrecht,3.0,"Manage stakeholders like regulators and auditors.
Help coordinate the bank’s efforts surrounding the credit models, reporting to auditor and regulators.",[],master,https://www.indeed.nl/rc/clk?jk=013ac2bf6f7f6fb4&fccid=db0b8cca1616eafb&vjs=3,Rabobank,employer,2022-06-23 00:31:40,auditor,indeed.nl,True
026521cdf61887a7,Controleleider,2022-05-24,Amsterdam,2.0,"Mijn klant biedt een uitdagende werkomgeving met voldoende ruimte voor zelfontplooiing.
Als controleleider houd je je voornamelijk bezig met het verrichten van…","[4100, 6600]",master,https://www.indeed.nl/rc/clk?jk=026521cdf61887a7&fccid=86a55298a6d106a2&vjs=3,One Arrow,recruiter,2022-06-23 00:31:59,auditor,indeed.nl,True
03b94197ceb29142,Financial Compliance and Reporting Spec.,2022-05-24,Postcode 6167 in Geleen,79.0,"Prepare the quarterly and full year financial statements for the ARLANXEO Group and alignment with the Group auditor.
Fluent in English (verbal and written).",[],master,https://www.indeed.nl/rc/clk?jk=03b94197ceb29142&fccid=3fa6fb4572c25ccd&vjs=3,ARLANXEO,employer,2022-06-23 00:31:40,auditor,indeed.nl,True
0486e6c6d949de5b,Operational Risk Manager,2022-05-24,Schiphol,253.0,"Preparation of ISAE reporting and supervision of external auditor during testing.
This department is responsible for coordinating risk management for both the…",[],master,https://www.indeed.nl/rc/clk?jk=0486e6c6d949de5b&fccid=c9b9e477b3c84b4d&vjs=3,CBRE,employer,2022-06-23 00:31:40,auditor,indeed.nl,True
048a80235a2fe830,Internal Auditor,2022-05-24,Zaandam,30.0,"Within several business processes (such as marketing, commerce, logistics, real estate, supply chain, IT) you will investigate if the operational processes…","[70000, 80000]",master,https://www.indeed.nl/rc/clk?jk=048a80235a2fe830&fccid=c3f215f3f2d5561b&vjs=3,ahold,employer,2022-06-23 00:31:40,auditor,indeed.nl,False
04f6f2fc69d392d8,Finance Manager,2022-05-24,Vlaardingen,797.0,To manage the annual audit process in conjunction with the appointed auditors to ensure statutory accounts are produced within the required deadlines.,[],master,https://www.indeed.nl/rc/clk?jk=04f6f2fc69d392d8&fccid=954e55536232ffe0&vjs=3,Catenon,recruiter,2022-06-23 00:31:59,auditor,indeed.nl,True
0556c8beb8235beb,EMEA Head of Group and Financial Control,2022-05-24,Hoofddorp,822.0,"Become the key contact for external auditors.
A problem solver with a keen eye for detail, you’ll make sure our teams work accurately in a time-pressured…",[],master,https://www.indeed.nl/rc/clk?jk=0556c8beb8235beb&fccid=8e1b3eba64c2138d&vjs=3,ASICS,employer,2022-06-23 00:31:40,auditor,indeed.nl,True
08770b58efcdc3b1,Security Risk & Control Manager,2022-06-23,Veldhoven,55.0,The Security Risk & Control Framework Manger will be responsible to collaborate with different sectors (Business) and with the RBA Internal Control team to…,[],master,https://www.indeed.nl/rc/clk?jk=08770b58efcdc3b1&fccid=57ed5f0210b0681a&vjs=3,ASML,employer,2022-06-23 00:31:40,auditor,indeed.nl,False
0884964d84f25cfc,Valuation Analyst,2022-05-24,Amsterdam,2.0,"Additionally, this person will interact with our external auditors.
The team is responsible for performance measurement, in-depth portfolio analysis, investor…",[],master,https://www.indeed.nl/rc/clk?jk=0884964d84f25cfc&fccid=1a620804436aa753&vjs=3,YER,recruiter,2022-06-23 00:31:59,auditor,indeed.nl,True
08fad1a05dac56dd,Senior Financial Accountant Poland/Germany/Austria,2022-06-18,Zwaagdijk-Oost+1 plaats,,"Senior Financial Accountant (Full-time, 38 hours a week) As a Senior Financial Accountant at our international headquarters in Noord-Holland, you will hold…",[],master,https://www.indeed.nl/rc/clk?jk=08fad1a05dac56dd&fccid=54efed5821b94cd4&vjs=3,Action,employer,2022-06-23 00:31:40,auditor,indeed.nl,False
0baf46d0fd7bd8bd,"Quantitative (Senior) Associate, Financial Risk Management (FRM)",2022-05-24,Amsterdam,2.0,"Reporting on model performance and discussing your conclusions with model developers, senior management and auditors.",[],master,https://www.indeed.nl/rc/clk?jk=0baf46d0fd7bd8bd&fccid=5e964c4afc56b180&vjs=3,PwC,employer,2022-06-23 00:31:40,auditor,indeed.nl,True
0c34782009785a36,Subcontractor Food Safety Management Systems,2022-05-24,Rotterdam,4.0,Als auditor en specialist binnen jouw vakgebied toets je zelfstandig of in teamverband managementsystemen gericht op kwaliteit en voedselveiligheid (zoals ISO…,[],master,https://www.indeed.nl/rc/clk?jk=0c34782009785a36&fccid=51e6d37e31a6306f&vjs=3,Lloyd's Register Group,employer,2022-06-23 00:31:40,auditor,indeed.nl,False
0d1a2dec857b5d36,Corporate Financial Controller,2022-05-24,Postcode 1119 in Schiphol,253.0,Act as the key liaison with the external auditor for the consolidated financial statement audit and other audit workstreams.,[],master,https://www.indeed.nl/rc/clk?jk=0d1a2dec857b5d36&fccid=75be652db60c264c&vjs=3,Azerion,employer,2022-06-23 00:31:40,auditor,indeed.nl,True
125dd494784b9de7,Market Risk Professional,2022-05-24,Amsterdam,2.0,"CRO NL divisions, Finance, the business Tribes, Corporate Financial Risk, Model Validation, Bank Treasury and also our external stakeholders ECB, DNB and the…",[],master,https://www.indeed.nl/rc/clk?jk=125dd494784b9de7&fccid=5b16841c3468a10d&vjs=3,ING,employer,2022-06-23 00:31:40,auditor,indeed.nl,True
1291335430accb9d,Senior Financial Controller OPEX bij Ahold Delhaize,2022-05-24,Zaandam,30.0,Als Senior Financial Controller ben je verantwoordelijk voor de afsluiting van onze Albert Heijn Support entiteit met daarin onze snel groeiende IT/Tech…,"[5200, 6400]",master,https://www.indeed.nl/rc/clk?jk=1291335430accb9d&fccid=82155e7dde95fe39&vjs=3,european-business-services,employer,2022-06-23 00:31:40,auditor,indeed.nl,True
14cb4a47c64148f0,International Risk Manager,2022-05-24,Den Haag+1 plaats,1.0,"Stakeholder management (internal and external) in the field of financial risks, including senior management, the external auditor and DNB.",[],master,https://www.indeed.nl/rc/clk?jk=14cb4a47c64148f0&fccid=817dbf75ac000d11&vjs=3,Aegon,employer,2022-06-23 00:31:40,auditor,indeed.nl,False
192a772c7cdf3afb,European Transfer Pricing Manager,2022-05-24,Postcode 1097 in Amsterdam,2.0,European Transfer Pricing Manager Do you want to be part of Philips TV and monitors and be responsible for Transfer Pricing related matters for all TPV Group…,[],master,https://www.indeed.nl/rc/clk?jk=192a772c7cdf3afb&fccid=3aa161337aa89cd1&vjs=3,MMD Monitors,employer,2022-06-23 00:31:40,auditor,indeed.nl,False
19a12e334213261a,Head of Accounting Benelux,2022-06-10,Den Bosch,14.0,"Als Head of Accounting word je verantwoordelijk voor een groot Benelux team bestaande uit (Senior) Accountants, Credit Medewerkers en jobstudenten.",[],master,https://www.indeed.nl/rc/clk?jk=19a12e334213261a&fccid=6dc533ddf5710695&vjs=3,CWS boco,employer,2022-06-23 00:31:40,auditor,indeed.nl,True
1b3907c9d5e14656,FINANCIEEL EN OPERATIONEEL AUDITOR regio Leiden,2022-05-24,Leiden,804.0,"Onze klant, een moderne non-profit organisatie gevestigd in de omgeving van Leiden, zijn wij op dit moment op zoek naar een Internal Auditor voor financiële en…","[60000, 75000]",master,https://www.indeed.nl/pagead/clk?mo=r&ad=-6NYlbfkN0BNsY5jqEQHhr5HFclUrvxEZFxelvli_gHqGzUolVTgpGiOy1vuZhlwL67PzUes-aArimblenl2rAe-NCBz0Sb50VfEx207Df4SuGQ90PaSKUX0_fogKp8RzvEIzI69mwArAk-PrCM_HspxCs2wr-iyJzLWEepYyMtEUkz9Xyx2xmfLzBnjkaGr0QfHNSx9-BeoRdzcQY1pxy57sqpFsO2UjFIcOF_LR9YuCFbZm-FnUUimxSsBisJ09Kh-p-5fo92P4FxiXneWQobJqVSwcb8BM0rgtRNku0HrLaOyhOQ8VhOi-89g2bblUpM2leUzhT4jX2KfTLVzdQyVYevhq2bepS59I37gQr2OohSm6BK0Y5Smbx2Zu6xcRVYlFmxL-QkCpMqIrVtdYW8BvEHryvXS6SmtJAFGNtX9b1v6-gN7PCRAEHbb_5xD3QHrVCPNWiIIc2FLdeC8OFkQUts3ZR2GZTrt5d2Jv3ux5gZ3phBLa6toO4k9vHh9Gt9taeE8La9BmZeSFch7Nf9_KshUA-un9uRA0cs-DLRp9lSeVmvfDHHK_-DsrmLUQN3d0bhWAlPDQ2fYcdkuHMCVTcqEo-6XkPb-9U4ZaXlmjkVRLDnvXhpVcvg_bcb4m4rpI1JIEVTblH44gW3kLOY4g1J3LfIArP4N_sMBqCg=&xkcb=SoC_-_M3cG5YKlxGjZ0LbzkdCdPP&p=5&fvj=0&vjs=3,James Woodman,recruiter,2022-06-23 00:31:59,auditor,indeed.nl,False
1e1d435c05190e61,Junior Accounting Officer,2022-05-24,Postcode 1043 in Amsterdam Westpoort,2.0,"You will assist auditors in case of audits performed on client companies.
Working with our Governance Services team, you will work with multinationals,…",[],master,https://www.indeed.nl/rc/clk?jk=1e1d435c05190e61&fccid=58a0b6e7b7d51d7e&vjs=3,Citco,employer,2022-06-23 00:31:40,auditor,indeed.nl,False
1e1e82fd562045e0,Marine auditor,2022-05-24,Rotterdam,4.0,"Technische ondersteuning bieden aan het operationele management, MMS-auditors en klanten & waar nodig ondersteuning bieden aan de operations manager.",[],master,https://www.indeed.nl/rc/clk?jk=1e1e82fd562045e0&fccid=bbb49369b23d08ef&vjs=3,Delta Marine Crewing,employer,2022-06-23 00:31:40,auditor,indeed.nl,False
20e0f7b30468f64a,Tax Manager | GLS,2022-05-24,Schiphol,253.0,"Interact with the companies external auditors.
Assist in the set up and maintenance of the Tax risk management process across GLS Group (Tax control Framework);",[],master,https://www.indeed.nl/pagead/clk?mo=r&ad=-6NYlbfkN0BQx9zSiyEqaPFd55WgSbrogcybLLMOvaJifgHohN9UOu-j8LwobT3yvPUguHIj8zEuZxLVEhHz--SG-Tz57Lj0VrXK700uE4j6H-IbTBWHkXF6HaY7pTcNfhg1z0bbh7lj9l5PvIodC4GdjR3t5-uDbZCPr1AkkVtDv3TAhftL2QsBSQYw0RhTxiG36ljEIycN7Ig2HlxYNkiEu6BzAK6XdEv8ARPhAr9EPdUJsoJfggKX19fP-yankvIyvGSy0O5ZeK1XVrcgBAdkK9IHFGcLsc5fx98d_quSZ2RA4I8rcpbFZ9KAQPzl0jJ7xlYi-g8h8mnWZ6Ekib9GRZ7hHaDes34kFQUNb1epDYaUeRbt2dgp_bEAtBDm5lVaQlartv_IWdTC_jwZOhuxfnUO6kCVOr2tzcRWKf0BrbDo4m51cDYg3zFxUo7NYKY-LvnOoA_yZGw5OdWlNvUyYKGy_0QKYA2KsyfNtIQf6PURuINYBSbQH5CUgs0IaGV7qyPNv61igdbKt_MG2FFwgs5J5T3-IJbDxK6FsnwtuczmdGOHd8hWugbHC-SBCwZDJMUMJcF7yRoXe62yXi6xMeTCpSl0-_NobFp9JlJoo4rSxGzs3xLEjgYHBK9qMmP19JbJiAzrU5FBE4iRXA==&xkcb=SoCs-_M3cG5YKlxGjZ0PbzkdCdPP&p=7&fvj=1&vjs=3,Michael Page,recruiter,2022-06-23 00:31:59,auditor,indeed.nl,False
234a06ea0bb0176a,Financial Controller,2022-06-21,Eindhoven,5.0,"Manage the statutory reporting cycle for the legal entities in the assigned region, in close cooperation with the other Controlling team members and the…",[],master,https://www.indeed.nl/rc/clk?jk=234a06ea0bb0176a&fccid=729eb000fb24b6d7&vjs=3,Fluke,employer,2022-06-23 00:31:40,auditor,indeed.nl,True
248750010cad7005,Business Controller,2022-05-24,Den Bosch,14.0,"Act as the key contact person and central escalation point for the organization on inventory related topics, including contacts with auditors.",[],master,https://www.indeed.nl/rc/clk?jk=248750010cad7005&fccid=2e9dd654f4d9ca9a&vjs=3,Brand Loyalty Group,employer,2022-06-23 00:31:40,auditor,indeed.nl,True
26a7671410658349,Quality Assurance Manager,2022-05-24,Postcode 2131 in Hoofddorp,822.0,"A competitive salary with a maximum of € 6.409 gross per month;
When working fulltime (40 hours), you have 29 holiday days and 13 ADV leave days per year;","[6000, 6500]",master,https://www.indeed.nl/rc/clk?jk=26a7671410658349&fccid=0e8226b93fa32f9a&vjs=3,Unique Amsterdam,recruiter,2022-06-23 00:31:59,auditor,indeed.nl,False
28288daa21746886,Finance Manager - Consultancy,2022-05-24,Amsterdam,2.0,"Responsible for the local audit and relationship with our external auditors and with Global Accounting;
Overall responsibility for the accounting function of…",[],master,https://www.indeed.nl/pagead/clk?mo=r&ad=-6NYlbfkN0BQx9zSiyEqaPFd55WgSbrogcybLLMOvaJifgHohN9UOu-j8LwobT3yyBmzLVZK-56-vgnGJR0ssYqdt8WvQiqvXdVdacBO_RgNFWqUTXKfWMMR2iTn2021tUJUZ66NZ8Fnz-8goqDmE3m8R22TvlXqWD_rAr7GVnScfHK_y38QPh9hWdKoel_FLVnh77998nL6pARaiwRvXwQ-08dDBDBuB2mWVZAVRwBI9h7b-f4dxnU1k3jUKLyjRSGBCtVSNKqEpjclLt-pKJ84HnE63ehnzIokkiRlOyvrLrsz3XNjc4w-JAxbRvlkC5c72KM77Upz114MO9ttPshBq4b3zPeK_AbHyIc0AWekxWiZQUg2PfG4k3kVFmCY2MGUH9pHDKDiT7GuvYrBkhBpACsd7VPxBJ8WhaB2AQeqTXUZro1-D335Yb-sOwAdEp2QqkzWylSR4VbPoyzYqDKpvCf1Zxf2ZzqPmOt5b4xwRzEkJZG_vmeyirV24Cb5gh41BoAAmWsNm0-yS19A36tXMMAcNKxHmya5vd4qzIbFOSlh2IleNDVPKarVMwYDODs4Q_K_0y-alMelsdpXaulOVMykw7FvUjLyHhkKKDVzOFCOFFkTsZjpfeGtuwrI8H2oyxmvkDsSz3TbHSY8tbPap4WBqcf_&xkcb=SoBO-_M3cG5YKlRGjZ0KbzkdCdPP&p=4&fvj=1&vjs=3,Michael Page,recruiter,2022-06-23 00:31:59,auditor,indeed.nl,True
2b06428ae3776b69,Project Management Support Intern,2022-05-24,Thuiswerken in Schiphol,253.0,"Coordinate and execute quality assurance of our processes and platform by collaborating with other departments and partners like Security officers, compliance…",[],master,https://www.indeed.nl/rc/clk?jk=2b06428ae3776b69&fccid=5f0ae4b2519f2185&vjs=3,GrandVision,employer,2022-06-23 00:31:40,auditor,indeed.nl,False
2c4f5aa4056ca61f,Auditor,2022-05-24,Hybride werken in Den Haag,1.0,"Als Auditor functioneer je als onafhankelijke, professionele partner voor het management van PostNL.
Je bereidt audits voor, voert ze tijdig uit en documenteert…","[4000, 5000]",master,https://www.indeed.nl/rc/clk?jk=2c4f5aa4056ca61f&fccid=61e9cf5599758baa&vjs=3,PostNL,employer,2022-06-23 00:31:40,auditor,indeed.nl,True
2d80995db4b9ad67,Junior Accounting Officer,2022-06-04,Amsterdam,2.0,"You will assist auditors in case of audits performed on client companies.
Working with our Governance Services team, you will work with multinationals,…","[2800, 3500]",master,https://www.indeed.nl/pagead/clk?mo=r&ad=-6NYlbfkN0DgOAGrtyix9YPeI81G6czGlan50HhJ9TRbX4elWZNxhmpK2WqdXZL_IwU1ZpZ6kRn2KgsX6C4XYLAAugLCGUtJfkwt_8Vd_7_oGotg4ffBiQXI6QN4g90ziY1zSAo9AxIqtccaNt5UN1aFyYyPt1JkSFRhaopf9VPrFaETmXjHmWwv4JHFJhR3Sg6ysBi3aLzsvzGZLee9Ls0bfSs1MolT95NOJe1koA3nLxmRxp3-81kNlFjFSYpkIbHlCveqtY-fIWlmgoMFol7_JpObthg3-PcRzarXml1wBBlyAY47JTiPk0Kq4Dpw6Bs-f9JFPQgfVMZKqupq8RKozi1IesowK1H3UY2BtqvQVxhX3noT6TjscNmYdVby2dCnz0fvVZo1xHmC1U40iYfAXBOFYpetS_b0Ki08R5VXKE4cTDB0GaJC9FJxgTQ8RWRtEMSNdRdlGeekfmV-0JrxKqlxc28Xn9zYsgefoEmcKjmU0PdflIMDfSiURcGwX0VxbqdHmBkzohD3T3NMjn3HQipW8Xz1oy_YOBmnTST7a2jcM1cXESKU235bdT_JatgMOMUB5uZp_XxKCaq72Pphb4A94hTKVp4XMS2AKCTEg6jhVfy0AAiU87sdzn_txtVOrASPvJDEQkFVE2Ww3snkIdvGMTKdi6uRDgmGOsbjYacaL-cJGUOB8gmb1Hzs0lTVc4MlKSFxAwTJCxBb4odhjsqwZ7L2ADLFiIK0n-k=&xkcb=SoDp-_M3cG5YKkxGjZ0IbzkdCdPP&p=12&fvj=0&vjs=3,Walters People,recruiter,2022-06-23 00:31:59,auditor,indeed.nl,False
2e73c909aa0a13b0,Director of Finance,2022-05-24,Willemstad Curaçao,454.0,"Successful completion of all internal and external financial audits, including coordination of work with CPA firms and delivering information requested by…",[],master,https://www.indeed.nl/rc/clk?jk=2e73c909aa0a13b0&fccid=8a2065d7355c3eb9&vjs=3,Courtyard by Marriott - Willemstad,employer,2022-06-23 00:31:40,auditor,indeed.nl,False
2eae3dc64719aa83,Senior Model Validator,2022-05-31,Amsterdam,2.0,"Ample experience with adequate, effective stakeholder management, as well as auditors, regulators and onsite inspections.",[],master,https://www.indeed.nl/rc/clk?jk=2eae3dc64719aa83&fccid=ab7c67e2cdbc0ed5&vjs=3,HamlynWilliams,recruiter,2022-06-23 00:31:59,auditor,indeed.nl,True
2ee1e28d4e85c3b7,Senior Credit Controller Germany,2022-06-01,Den Haag,1.0,"You will manage your own receivables customer portfolio, monitors the DSO (Days of Sales Outstanding) and anticipates thereon in a timely and efficient manner,…","[3400, 3900]",master,https://www.indeed.nl/company/X--EQUO-Werving-&-Selectie-&-Detachering/jobs/Senior-Credit-Controller-Germany-2ee1e28d4e85c3b7?fccid=03fb1488f42e95d4&vjs=3,X-EQUO Werving & Selectie & Detachering BV,employer,2022-06-23 00:31:40,auditor,indeed.nl,True
33cee519094a92cc,IT Risk Officer,2022-05-26,Amsterdam,2.0,"Strong stakeholder management skills (control/process owners, auditors).
Knab was founded in 2012 because we wanted to do things differently.",[],master,https://www.indeed.nl/rc/clk?jk=33cee519094a92cc&fccid=459ca6a30f461e8e&vjs=3,Knab,employer,2022-06-23 00:31:40,auditor,indeed.nl,True
35ac92b3ba2bac08,Junior IT Auditor,2022-05-24,Noord-Brabant,,"Mooie mogelijkheden zijn aanwezig op het gebied van Cybersecurity, Robotic Process Automation, Business Intelligence, Process Mining en Data Analyse binnen het …",[],master,https://www.indeed.nl/rc/clk?jk=35ac92b3ba2bac08&fccid=73fa0fae7b47e5b5&vjs=3,Van Oers Accountancy & Advies,employer,2022-06-23 00:31:40,auditor,indeed.nl,False
35de23e12734c6f4,Financial Controller,2022-06-10,Postcode 1016 in Amsterdam Centrum,2.0,"Liaise with external auditors, manage pre-audit planning, provide relevant information for audits and follow up on audit findings.",[],master,https://www.indeed.nl/rc/clk?jk=35de23e12734c6f4&fccid=40d61315743d533f&vjs=3,Recruitee,employer,2022-06-23 00:31:40,auditor,indeed.nl,True
3696cc4c8b2e9b0d,GMP Quality Systems Specialist,2022-06-08,Leiden,804.0,The department Quality Systems & Compliance is responsible for (the improvement of) the GMP compliance status within Janssen Biologics B.V.,[],master,https://www.indeed.nl/rc/clk?jk=3696cc4c8b2e9b0d&fccid=0bed8e17bc113980&vjs=3,Johnson & Johnson,employer,2022-06-23 00:31:40,auditor,indeed.nl,False
37ebf6689722f3ad,Senior Specialist Compliance and Tax Reporting,2022-05-27,Amsterdam,2.0,"Intensive communication with internal and external auditors and coordination of audits;
Location: Oss, with possibility to work from home (preferably 2 days per…",[],master,https://www.indeed.nl/rc/clk?jk=37ebf6689722f3ad&fccid=3b5522176c21a60c&vjs=3,Organon,employer,2022-06-23 00:31:40,auditor,indeed.nl,False
3988872aef423fb7,Subcontactor,2022-05-24,Rotterdam,4.0,"Position Type:Contractor On Demand.
Op basis van uw deskundigheid biedt U de opdrachtgever een meerwaarde in de ontwikkeling van onze dienstverlening.",[],master,https://www.indeed.nl/rc/clk?jk=3988872aef423fb7&fccid=51e6d37e31a6306f&vjs=3,Lloyd's Register Group,employer,2022-06-23 00:31:40,auditor,indeed.nl,True
3a2ad4a3f323f088,Financial Auditor,2022-05-24,Amstelveen,803.0,"Circa 3 jaar werkervaring als assistent accountant in de auditpraktijk, of als (internal) auditor.
Je hebt al enkele jaren ervaring opgedaan als assistent…",[5229],master,https://www.indeed.nl/rc/clk?jk=3a2ad4a3f323f088&fccid=259a62d86bb5b3a7&vjs=3,SVB,employer,2022-06-23 00:31:40,auditor,indeed.nl,False
3a2dc003fc153f7f,Global Senior Internal Auditor,2022-06-01,Leidschendam,72.0,"Manage and participate in (international) audit engagements, e.g. on business processes, organisations, projects, IT applications & processes and reporting…",[],master,https://www.indeed.nl/rc/clk?jk=3a2dc003fc153f7f&fccid=831b1667b781d443&vjs=3,Tewes,recruiter,2022-06-23 00:31:59,auditor,indeed.nl,False
3a821168960628ac,Internal Auditor – Innovation and Technology,2022-05-24,Alphen aan den Rijn,18.0,"Interact with technical/infrastructure and application development/architecture teams to assess risks (including security, compliance and resiliency) arising…",[],master,https://www.indeed.nl/rc/clk?jk=3a821168960628ac&fccid=f46e2fd6ab3f5a72&vjs=3,Wolters Kluwer,recruiter,2022-06-23 00:31:59,auditor,indeed.nl,False
3d4c677f6db3f612,Accounting Controller,2022-05-24,Postcode 5657 in Eindhoven,5.0,"Description As a independent subsidiary of Koch Industries Inc, Molex makes a connected world possible by enabling technology that transforms the future and…",[],master,https://www.indeed.nl/rc/clk?jk=3d4c677f6db3f612&fccid=de113fe345574782&vjs=3,Molex,employer,2022-06-23 00:31:40,auditor,indeed.nl,True
3d787ce513634481,Models Senior Auditor,2022-05-24,Amsterdam,2.0,"As a Models Senior Auditor you will be challenging the models and assessing the model design, development, validation, implementation, monitoring, together with…",[],master,https://www.indeed.nl/rc/clk?jk=3d787ce513634481&fccid=5b16841c3468a10d&vjs=3,ING,employer,2022-06-23 00:31:40,auditor,indeed.nl,True
3e7e08dd302883c9,Manager Cybersecurity - Technology Risk,2022-05-24,Postcode 1083 in Amsterdam Zuid,2.0,"Je bent geregistreerd als Register EDP-auditor (RE) bij NOREA.
Als Manager Cybersecurity Technology Risk maak je onderdeel uit van een meer technisch team…",[],master,https://www.indeed.nl/rc/clk?jk=3e7e08dd302883c9&fccid=1544766d4c2915b0&vjs=3,EY,employer,2022-06-23 00:31:40,auditor,indeed.nl,True
3f01404c8c5379a3,Financial controller,2022-05-24,Nieuw-Vennep,,"You have direct contact with the internal customer or with external auditors to provide accurate information.
Handling / preparing the payroll tax, VAT and VPB.",[],master,https://www.indeed.nl/rc/clk?jk=3f01404c8c5379a3&fccid=45760e614a6eb614&vjs=3,Frendz Finance,recruiter,2022-06-23 00:31:59,auditor,indeed.nl,False
3f9599cea336b50b,Project Quality Manager,2022-05-24,Schiedam,790.0,"You are responsible for ensuring compliance with all standards, rules and other requirements imposed by Company, Regulators, Clients and other relevant…",[],master,https://www.indeed.nl/rc/clk?jk=3f9599cea336b50b&fccid=a9a5024d4b747148&vjs=3,SBM Offshore,employer,2022-06-23 00:31:40,auditor,indeed.nl,True
4195f2b882ea1181,Financial Controller,2022-05-24,Amsterdam,2.0,"5-6 years experience as a financial controller or as an auditor.
As Financial Controller you will be responsible for one or more legal entities/countries.",[],master,https://www.indeed.nl/rc/clk?jk=4195f2b882ea1181&fccid=af136c4992d9560c&vjs=3,Impactsearch,recruiter,2022-06-23 00:31:59,auditor,indeed.nl,True
4405d416d86c9c06,CFO,2022-05-24,Amsterdam,2.0,"Liaise/interact with shareholders, external auditors, tax, and banks.
Provides analytical decision support and performance tracking across a range of strategic…",[],master,https://www.indeed.nl/rc/clk?jk=4405d416d86c9c06&fccid=7f127ae86a5f5452&vjs=3,Bridgewell,recruiter,2022-06-23 00:31:59,auditor,indeed.nl,False
447ac8b4472a4068,Information Security Compliance Manager,2022-05-24,Postcode 3013 in Rotterdam,4.0,"Participate in internal and external audits and guide/translate between auditor and personnel.
In the role of Information Security Compliance Manager, you will…",[],master,https://www.indeed.nl/rc/clk?jk=447ac8b4472a4068&fccid=2e9bbb37fdefc225&vjs=3,Signicat,employer,2022-06-23 00:31:40,auditor,indeed.nl,False
45378877c96ea318,Financial Reporting Officer,2022-06-22,Den Haag,1.0,Audit process - Work closely with the groups’ external auditor performing audit procedures on consolidated financial information and facilitate their processes…,[],master,https://www.indeed.nl/rc/clk?jk=45378877c96ea318&fccid=817dbf75ac000d11&vjs=3,Aegon,employer,2022-06-23 00:31:40,auditor,indeed.nl,True
469347c0d16cf30b,Industrial Cost Auditor,2022-06-14,Noordwijk,63.0,This is a non-renewable post for a limited duration of 4 years and is classified A2-A4 on the Coordinated Organisations’ salary scale.,[],master,https://www.indeed.nl/rc/clk?jk=469347c0d16cf30b&fccid=16c630b5b4ff1f50&vjs=3,European Space Agency (ESA),employer,2022-06-23 00:31:40,auditor,indeed.nl,True
47e87c3a4329efc8,Internal Auditor,2022-06-11,Rotterdam+1 plaats,4.0,"Our customer is a Dutch Market leader in the field of telecommunications and is dedicated to ensuring safe, reliable and future-proof networks and services.",[],master,https://www.indeed.nl/pagead/clk?mo=r&ad=-6NYlbfkN0AIvxgfZlZPhMMof6OESzYg65rUk49dxrmsodbKew5kKQ7VcDltUh9HhZI1Q72YKeYib7W8hUvQLtXdAjPZ86Z7viGyy2-B5O4Gr89Auhi7LbX1pU9IhnlbPzb31xIJiieptVlbgsVx_T_nWFYfVKJ6yMJO3ectE9h7QnAAD-4uSmfUEZMOj5cZ3bKCx3vXo6JD-ykWfnVjejokHl45gBOKdPO-29y_x2gmjOCu_Ia_l8laba3IgNY1tco7MULMwSMyZqimDpOOHSW7Z4xJtdiyA3tlI_6rmQy1Woy3GDiZ8qtstcUyuk8yzfrkV7_Q8r9ukK1oefvMHnHegrhykl6pW67FQGwJEQ9e60mYNw381A6CAGJnzheUWaO8YGuDe_0w8kEpEFYS5aeBtFrZkHK-jIkAvZl6rAIlo6P_OTGR-t40djVrnI3rj_LpjUGokrL-zgDr9JASRy3s9SnZR-98&xkcb=SoAh-_M3cG5YK6xGjZ0IbzkdCdPP&p=2&fvj=0&vjs=3,HAYS,recruiter,2022-06-23 00:31:59,auditor,indeed.nl,False
49e689944ab7b333,(Financial) Controller,2022-05-24,Postcode 2314 in Leiden,804.0,"Prepare relevant information to the external auditors to facilitate the annual audit, and manage the audit process for several Group entities;",[],master,https://www.indeed.nl/rc/clk?jk=49e689944ab7b333&fccid=0e3d40e35a80a9ce&vjs=3,Nomios,employer,2022-06-23 00:31:40,auditor,indeed.nl,True
4a3652c83d780d11,Junior Financial Controller,2022-05-24,Hybride werken in Heerlen,23.0,"Je bent sparringpartner voor second line, interne/externe auditors alsmede toezichthouders.
Voor APG AM en haar klanten (Pensioenfondsen) is betrouwbare data,…","[3091, 4415]",master,https://www.indeed.nl/rc/clk?jk=4a3652c83d780d11&fccid=113bb7f6362ec380&vjs=3,APG,employer,2022-06-23 00:31:40,auditor,indeed.nl,False
4de59c7db859b7c6,Auditor feed en food,2022-05-24,Giessen,646.0,"Werken bij Schouten Certification brengt een hoge mate van vrijheid, eigen initiatief en verantwoordelijkheid met zich mee.
In het bezit van een rijbewijs;",[],master,https://www.indeed.nl/rc/clk?jk=4de59c7db859b7c6&fccid=6b0bb000c61d4f98&vjs=3,Schouten Certification,employer,2022-06-23 00:31:40,auditor,indeed.nl,False
4f423707d926c2e5,Finance Lead,2022-06-03,Postcode 1017 in Amsterdam Centrum,2.0,"Good verbal and written (Dutch & English) communication skills, as you will be liaising with various parties such as inter-departments, external consultants and…",[],master,https://www.indeed.nl/rc/clk?jk=4f423707d926c2e5&fccid=4341c899dd3e56b9&vjs=3,Lepaya,employer,2022-06-23 00:31:40,auditor,indeed.nl,True
514f4045321bdca8,Internal Auditor,2022-05-24,Hybride werken in Eindhoven,5.0,"Jouw functie valt binnen de afdeling Planning & Control.
De afdeling maakt onderdeel uit van de sector financiën.",[],master,https://www.indeed.nl/rc/clk?jk=514f4045321bdca8&fccid=9f1f9ad8e67560bb&vjs=3,Lunet,employer,2022-06-23 00:31:40,auditor,indeed.nl,False
536bc78df0fdffab,Senior Financial Accountant,2022-05-24,Amsterdam+1 plaats,2.0,"Act as the primary point of contact during statutory audits and prepare audit files for both internal and external auditors.
Prepares and posts journal entries.",[],master,https://www.indeed.nl/rc/clk?jk=536bc78df0fdffab&fccid=e15d9e27876d9dc3&vjs=3,Equinix,employer,2022-06-23 00:31:40,auditor,indeed.nl,False
54af9ffbcb2aa430,privacy consultant,2022-06-14,Rotterdam,4.0,Of ga je op pad als auditor om verwerkers van onze klanten te controleren op hun naleving van privacywetgeving en de regels voor consumentenbescherming?,[],master,https://www.indeed.nl/rc/clk?jk=54af9ffbcb2aa430&fccid=c4b5441b78a28611&vjs=3,DMCC Nederland,employer,2022-06-23 00:31:40,auditor,indeed.nl,False
54ecade38ee08715,Cluster lead Actuarial Methodology,2022-05-24,Den Haag,1.0,"Besides overseeing and developing your team members you will also engage in methodology development yourself, and manage the demands of a variety of external…",[],master,https://www.indeed.nl/rc/clk?jk=54ecade38ee08715&fccid=817dbf75ac000d11&vjs=3,Aegon,employer,2022-06-23 00:31:40,auditor,indeed.nl,True
556d336c3bf76c78,Senior Finance Executive Benelux - Fortune 500 Technology MNC,2022-05-24,Amsterdam,2.0,"Prepare internal documents and work with external auditors on quarterly and yearly audits.
Excellent communications with internal stakeholders, offshore Shared…",[],master,https://www.indeed.nl/pagead/clk?mo=r&ad=-6NYlbfkN0CxCv4ui_JLVzzMrW7tEYjmuIJjomPi8J--aDN5tBQ4FVZrW5p3pjvK4pbIWdmMLCKTvDfMNV92LoH5tFmhcXto2HCEYJdR07aM4ABvUvJYCpknG-f_ep0jVjLs6SiM3PFxPZaVEa-Kh_arobUv0IeVlNq6gxMtiakmRBk_Ip39zlZu457QuVzixUl40JGTe11Y58UYdL6ny0TzXmKyjfpn0ytb6u0pMERc-9sDRziHqmQ5GWmaSENsaEhPGVcmCcYq4PXlNB4fckhhSatchNOwcbbQauifgaGus6f88UST48-3mV8N48YzSANr20erAHHJ635U9q25jqW1kS8j5IAidaS-zU98UiOlzak57x7xZPIqcUg_NkMXwP1Ike2J3L-7jVEVQdjQr0imjqXo_c7mBq0AdNXfIYep9TS8tNU7FwPsuSMp_LuItSf0Cbb4pF91DVSzj06zuwyv8F1VWpTYIF1EVbwi4vBEc3BI0Ag2h4l9mkJlrOiz-iIfq_KyjZ4R5pjPLtvhJOgCpjJGzcnot04fdsoPrBuciNN8PQrOFfRn9hNiKQfX-HraJKxfphEWi1ve8zTQCAiTlKUnIcvUTfm0YB6x7jIrRjpZNtK-dNdr6UChupSbdt98cQvmA6dbZH3ZXRVatPXKPH5mNnc7iBo4G5ZScxW78C9z5ujbEuhCRHpTVTAqBmuCm0v8z5wKuhLFZfXWHm1oguCiEFTV&xkcb=SoCV-_M3cG5Xu6h9Zz0KbzkdCdPP&p=11&fvj=1&vjs=3,Page Personnel,recruiter,2022-06-23 00:31:59,auditor,indeed.nl,False
55eedb2de0ba3ab2,Group Controller,2022-05-31,Nederland,,"Liaising with external auditors, accounting firms and tax advisors.
As Group Controller you are responsible for the financial processes and activities within…",[],master,https://www.indeed.nl/rc/clk?jk=55eedb2de0ba3ab2&fccid=f0858e37d724cd53&vjs=3,Emergya Wind Technologies,employer,2022-06-23 00:31:40,auditor,indeed.nl,False
59f6259d37b87d61,QA Manager - Food,2022-06-18,Breda,8.0,Je bent verantwoordelijk voor het Quality Assurance team bestaande uit Quality Engineers en Quality Technicians en rapporteer je aan de Head of Quality.,"[4000, 6000]",master,https://www.indeed.nl/pagead/clk?mo=r&ad=-6NYlbfkN0DoQN29AQZky9WQ-MVZnPye1T5yqjHa8pZ11jodP9c8a8Q-uBjIr-caghli2oSPQuZoaDIyTW283_h0pA_KUqjKgCmKOk4j5GNOgzEkIG7kp41o5n-hL10TbyP7BXll8ci9tEzoX7pRIIwq3Tw_job9CU6GmvB8KK8NX4yFEMf4CBlPHBSoF93ryujnACIjC_vcmIakeBJO8oEM9OsNLD7nRy_MYJ91zXbqw65B0UoUTY4dchQJq4K2ZQvN86wPkd_el64DkRCT2ylvTN2gnEf-E2k27j_drHlvO5XPm-fL_KhZHaaRDTTGN8QFwXZIqYn9zDVSmOx66R5rwiP1JtPgNlX4SpjlC1CYMQnZB2gqmT8jSezffr45SwBCFQskLjf10iHnd-Z6QLVlXUYdz4Fjv1D619SPkcqVkDDZxYoCj675752RJefzQD89uw-cXh0BfWQeqiDq3T2mr4BKKyKgf7goPcUHpJaG0d6TEsSUWRa_wejj7Eic5hKS7hEOnGdmyeH-HbyZPIQy2ktwQhKK7j7HYV355Fn70o5PfEfDfLw8HparPdV54mJRniV92YEKSMnF-MvBtaj4IDTuMSxLDc_xOC_63Uyr-i_XIal_rbaMVT1O8J-f0vEunXjk4XFZk4ghDJwB9bOCkIvIKdhh&xkcb=SoCF-_M3cG5YKkRGjZ0KbzkdCdPP&p=8&fvj=0&vjs=3,Oxford Global Resources,recruiter,2022-06-23 00:31:59,auditor,indeed.nl,False
5d52fa67cdd8c886,Audit & Risk Analyst,2022-05-24,Amsterdam,2.0,Building relationships with external auditors and act as a main point of contact for any audit related queries.,[],master,https://www.indeed.nl/rc/clk?jk=5d52fa67cdd8c886&fccid=a3bf7d3bdd7a8525&vjs=3,Altum Consulting,recruiter,2022-06-23 00:31:59,auditor,indeed.nl,True
5d957655476757f8,Risk auditor,2022-06-16,Tijdelijk thuiswerken in Utrecht,3.0,"You bring the Risk Audit team within Audit Rabobank to the next level, working on complex and innovative issues, with opportunities for personal growth.",[],master,https://www.indeed.nl/company/Anjumo/jobs/Risk-Auditor-5d957655476757f8?fccid=16787bbc242c310e&vjs=3,Anjumo,recruiter,2022-06-23 00:31:59,auditor,indeed.nl,True
5e9e659903860a27,"Lead Assessor ISO 9001, 14001, 45001",2022-05-24,Postcode 3062 in Rotterdam,4.0,"Als Lead Assessor (ISO 9001, ISO 14001, ISO 45001) ga je alleen of als teamleider bij bedrijven langs om managementsystemen te verifiëren.",[],master,https://www.indeed.nl/rc/clk?jk=5e9e659903860a27&fccid=51e6d37e31a6306f&vjs=3,Lloyd's Register Group,employer,2022-06-23 00:31:40,auditor,indeed.nl,True
629755dd5af00f9f,Accounting Lead,2022-05-24,Den Bosch,14.0,"Be the contact person for auditors, banks and internal employees.
The Lead Accountant is responsible for accounting activities of the Company within Europe.",[],master,https://www.indeed.nl/rc/clk?jk=629755dd5af00f9f&fccid=533710ec3826f494&vjs=3,Endologix,employer,2022-06-23 00:31:40,auditor,indeed.nl,False
6406727b249b45a8,Senior Accountant - Real Assets,2022-05-24,Postcode 1043 in Amsterdam Westpoort,2.0,"You will assist auditors in case of audits performed on client companies;
Working with our team, you will mainly work with clients from the private equity and…",[],master,https://www.indeed.nl/rc/clk?jk=6406727b249b45a8&fccid=58a0b6e7b7d51d7e&vjs=3,Citco,employer,2022-06-23 00:31:40,auditor,indeed.nl,True
66b4a45b17a98394,Controller FMCG,2022-05-24,Utrecht+1 plaats,3.0,"Contact person for auditors and legal department.
P&L and balance sheet analysis and reporting.
Preparation of monthly memo journal entries.",[],master,https://www.indeed.nl/pagead/clk?mo=r&ad=-6NYlbfkN0CX-1xBRHElj3iS_xZDIsUy1CdgI1yrYIBuNFv1ZepSyHiBzA9kxEaJOWGS8ziNR1sjMFOjptpdXbmPX-wgCR1cHeqtuHCxGT_QcgXXRVcx9dEgE1qVTvu0Q90HPyj-4EdkC_sbhXaWQYZkMFnkXsFG6txyMec0gjZlivGTvvvo-Ydqh_TbrUqjS_PKknv8Vyny9CbgLgz_4ppSo19Kz5ubgMVqZ_Vj1XC0v6MTWUt_qcSyZwgv_t8s1KJbeS7FvlNZ1m_VajI8j-iUjTY29Bfs0-ImdOyyO99iJ3bFaJOqov4misnfTl2aIAtVt2L6ksYza8CTdbEQEfhOeW62z40slivY1ahO3DMy2OO6zrMdrTR_nyUNTLvV6H1GUMM-T5QTewS0RkH-G3glGiiZ3cNFzRnNDOsOXLfbelTk-DEr01FPADnjY5Z3nLUq_Fey3Fr4wGm8Tv_YGbVG4kmOTiYF8xIVkA1zLaDIBJ1NjtVath5NZ9EdeW29jl5xYiHNaYbR4GWOGeNRNEqOy9VB0Grcygq7pyDk5dI1W5MKhckmz_WPPgTBZ7Cgs4snWqTHU5_yyazvrPRWsUoUm8a6dJpYUzsAMhlpJvbfnkzQ5sF-DAHoz0OE6JxEwZa8gd6IeK7RANw-2sFmT3gwoaAcHK8ImUR_0yR49souBjmQ3M_Q4_bGFzQ7hvD9P98t0nAWMn5YdL53laGlJjSje9AsOLp-V9SYf_RSZVY=&xkcb=SoD5-_M3cG5YK6RGjZ0LbzkdCdPP&p=0&fvj=0&vjs=3,Career Control,recruiter,2022-06-23 00:31:59,auditor,indeed.nl,True
672d020b9a080d51,Accounting Specialist | Talent Program,2022-06-23,Utrecht,3.0,"Het aanleveren van reconciliaties en controles op transacties aan het management en auditors;
Jij hebt talent en bent klaar om impact te maken in deze wereld.","[3250, 3800]",master,https://www.indeed.nl/company/Mploy-Associates-B.V./jobs/Accounting-Specialist-Talent-Program-672d020b9a080d51?fccid=7629540d8dda6bea&vjs=3,Mploy Associates,employer,2022-06-23 00:31:40,auditor,indeed.nl,True
6adca1ba83c4c492,Site Manager EHS - Eindhoven,2022-06-03,Eindhoven,5.0,"As Manager EHS you will provide guidance to the site’s approach in Environmental, Health and Safety compliance matters in every aspect of the business.",[],master,https://www.indeed.nl/rc/clk?jk=6adca1ba83c4c492&fccid=126e3afd205caa95&vjs=3,Thermo Fisher Scientific,employer,2022-06-23 00:31:40,auditor,indeed.nl,False
6b927675e13935cf,Marine Management System Auditor,2022-05-31,Postcode 3068 in Rotterdam,4.0,"Provide technical support for the Operational Management & MMS auditors in North Europe;
Sharing this knowledge by giving best practice advice on compliance and…",[],master,https://www.indeed.nl/rc/clk?jk=6b927675e13935cf&fccid=51e6d37e31a6306f&vjs=3,Lloyd's Register Group,employer,2022-06-23 00:31:40,auditor,indeed.nl,False
6cd13d7215e354d4,IT Security Auditor,2022-05-24,Utrecht,3.0,Je bent continue ons Security Control Framework aan het verbeteren zodat je externe auditors altijd kan overtuigen dat wij absoluut in-control zijn.,[],master,https://www.indeed.nl/rc/clk?jk=6cd13d7215e354d4&fccid=38c84708b80970a7&vjs=3,Bol.com,employer,2022-06-23 00:31:40,auditor,indeed.nl,True
6d0273a83b541344,Business Security Officer (UWV),2022-05-24,Amsterdam,2.0,"Je hebt relevante vakopleidingen gedaan, bijvoorbeeld: Register EDP auditor, CISA, CISM, Master of Sciences securitymanagement.
Bel mij via 06 – 26 092 892.","[4383, 6425]",master,https://www.indeed.nl/pagead/clk?mo=r&ad=-6NYlbfkN0CgiBsKmFofPWqryw7SNije7lExi-KG1GhPgWbfN5N5WiSOiG_96XIFvI8Ol12Do2-hTwDQMh11b-Ad9QAGX1SzlWFxEY0V9UsYR-rYd8fHAm2fvuDooyqKnrD1TtmjnmSnoah_7GVXwhuJMkflPenbNATqimd-OM4xrnnqaHTKGH49zXIittG1JWElx4CiiaTtKNJcmywUdEon5KTf1GDVlTJJJhkyrNhnulJZGRncgxC_zvJtBS67cZtDd_3cZjIr2CAgMnDufMCiOyB7DOUZTS_6giXUYxiryaqP7sSzHupKHOF7xr3ylQmRXRjejd8hEZUdVZd8XOfWp4N51HzoOOrQSvBI0C3kWW1OyYsiBnAmVUMZj2ppQrXMgPY9bNixOZ4zIyKz0-XPl6JtyAPM62OITVhCtdF3EAt4bzbV0_1YJ0aSNvqDeuWND8JS72rwUEiwVEEUtbezoRznLbd_WA5Hm_JidcqWmt3cHCBt2OX7MjBivCwQZ-CuxoYGbu4p4OwcZgGqbgBco-kfYErpCikL0GuszGWW-7gDNwIpLcPqi0AqGtmEJxi0uAOgtHLIXlaz3p4jKVtqVdK4gzVubpfWp5FqphSGeICJoMblNvhMll3ReB9bMw-ckr4SRJLrdzldaC0bZqvaoSvTAkpgiL4HJ9_H7Gy4RSnjwHL8fzoxLDM_FNSv&xkcb=SoAI-_M3cG5YK6xGjZ0KbzkdCdPP&p=1&fvj=0&vjs=3,e-people,recruiter,2022-06-23 00:31:59,auditor,indeed.nl,True
6f0fc669bdae6be8,Internal Auditor – Utrecht,2022-05-24,Utrecht+1 plaats,3.0,"Je hebt of bent gemotiveerd om de opleiding tot Register Operational Auditor (RO), Certified Internal Auditor (CIA), Register Accountant (RA) of Register EDP…",[],master,https://www.indeed.nl/rc/clk?jk=6f0fc669bdae6be8&fccid=3639654bd4055c70&vjs=3,BDO,employer,2022-06-23 00:31:40,auditor,indeed.nl,False
719b54c9fced068e,(Senior) Consultant Forensic & Integrity Services - Audit Support,2022-06-15,Thuiswerken in Postcode 1083 in Amsterdam Zuid,2.0,"Naast contact met klanten werk je samen met interne en externe auditors, advocaten en toezichthouders.
(Senior) Consultant Forensic & Integrity Services - Audit…",[],master,https://www.indeed.nl/rc/clk?jk=719b54c9fced068e&fccid=1544766d4c2915b0&vjs=3,EY,employer,2022-06-23 00:31:40,auditor,indeed.nl,False
726340c307602954,Senior Specialist IT Auditor,2022-05-24,Zaandam+1 plaats,30.0,"Each auditor performs approximately 7 engagement of 6 weeks.
You fully understand and take into account the business needs to provide meaningful recommendations…",[85000],master,https://www.indeed.nl/rc/clk?jk=726340c307602954&fccid=c3f215f3f2d5561b&vjs=3,ahold,employer,2022-06-23 00:31:40,auditor,indeed.nl,True
72d3c5051ea2a763,Junior Adviseur Interne Controle,2022-05-24,Hybride werken in Postcode 3013 in Rotterdam,4.0,"Jij bent de ondersteunende kracht achter ons Services Oversight and Controls-team.
De belangrijkste focus voor ons team: de optimalisatie en integratie van het…",[],master,https://www.indeed.nl/pagead/clk?mo=r&ad=-6NYlbfkN0Cf2-BOmr3c2VKeii1JueqOUBDRwRNe0OcilknBmF7EJx7YjYp0UNOO1OvRWFziT9btncRQzS3no6JjspglZ9W0-XGHfGy_9bGGhplezAyiUinWTBLIdWFoCySx803YkZP3Qq7Is698qMIAlRkTBZ5CIgPuyFLES7hPoLVlXkPt50xvpCLBzkhr7eYdw_Q18_sy58FsD46wpFrWD9IqKdCg6ijBFEAKIgc1rYUZ60VsiB44yP0Hvkf0GbMUcyEoy5XzhoDX7_ey7bJ3HmEI0GacO1rkP4QtQNyEKOos-OiQWcubSkk_-KDbwsfOUD2xZHXpcl4pxZPa9wiAGXcmhVJtp3Ytka0YzouC546cdm2T_do7UNfcyA570cgC_3JI6QyWjiV5H7QUhSPsZ_cp8mPhLtpm-fiXkUkyAp8IKqVf765IY6Yv1X2WHWvp18D8AEbLqbFx4K8TmlGyLm-XyNCXnZ2RtXb4YXkZ9f9j30gK8Kpp579N08UM9j2SnwGios7jat2SbS9cy_cFR14n29z--cfDdxOLG670KiVXCEC71N1iRfBpCyxKieLd-HBroOHpExvtrZzGQlUFbRYhjTUn--fiVjfYYKCozLWivq12zLm-reBK8dzuxGuv4AoeQI0=&xkcb=SoCE-_M3cG5Zri_TaB0LbzkdCdPP&p=4&fvj=0&vjs=3,NN Group,employer,2022-06-23 00:31:40,auditor,indeed.nl,False
79cdf9e1d0b6339c,Financial Accountant EU,2022-05-24,Postcode 3433 in Nieuwegein,36.0,"As our Financial Accountant EU you are responsible for one or more legal entities in the Netherlands & Belgium.
Control of monthly payslips and payroll entries;",[],master,https://www.indeed.nl/rc/clk?jk=79cdf9e1d0b6339c&fccid=788a7fd79eec1d60&vjs=3,Domino's Pizza Netherlands,employer,2022-06-23 00:31:40,auditor,indeed.nl,False
7aeab3aba352be4f,Project Manager Domain Corporate Real Estate,2022-05-24,Veldhoven,55.0,"Others e.g. safety boards, (local) legislations bodies, independent quality auditors, procurement and finance.",[],master,https://www.indeed.nl/rc/clk?jk=7aeab3aba352be4f&fccid=57ed5f0210b0681a&vjs=3,ASML,employer,2022-06-23 00:31:40,auditor,indeed.nl,True
7bb35fa0512640fd,Senior Internal Auditor - Darling Ingredients,2022-05-27,Son,,"The Senior Internal Auditor will carry out audits through all phases of the audit process to include risk assessment, planning, fieldwork and reporting with the…",[],master,https://www.indeed.nl/rc/clk?jk=7bb35fa0512640fd&fccid=eb19e66bb05cdcfc&vjs=3,Fellowfield,recruiter,2022-06-23 00:31:59,auditor,indeed.nl,False
7d352e302afe2985,Accounting Supervisor,2022-05-24,Roermond,40.0,"Assist in preparing audit work papers for year-end audits with external auditors;
Oversee all financial accounts (General Accounting, AP, AR and Fixed Assets),…",[],master,https://www.indeed.nl/company/UPS/jobs/Accounting-Supervisor-7d352e302afe2985?fccid=fcf465e707df52fb&vjs=3,UPS Netherlands,employer,2022-06-23 00:31:40,auditor,indeed.nl,True
80a62444397a5c11,Credit Risk Business Analyst,2022-06-15,Amsterdam,2.0,"Prepares responses to ad-hoc requests from stakeholders (e.g. ECB, DNB, Internal and external auditors).
We are looking for an experienced Business Analyst to…",[],master,https://www.indeed.nl/rc/clk?jk=80a62444397a5c11&fccid=5b16841c3468a10d&vjs=3,ING,employer,2022-06-23 00:31:40,auditor,indeed.nl,False
80b96f7d3aca6110,Finance Manager,2022-06-01,Thuiswerken in Amsterdam,2.0,"Manage relationships with external auditors.
A charging point at every parking spot, an Electric Vehicle for every driver.",[],master,https://www.indeed.nl/rc/clk?jk=80b96f7d3aca6110&fccid=6b656c4246c72ed9&vjs=3,EVBox,employer,2022-06-23 00:31:40,auditor,indeed.nl,True
8254a1483ababf4d,HSEQ-Engineer,2022-05-24,Postcode 2595 in Den Haag,1.0,"Participate in the audit schedule as a lead auditor with internal and external audits.
Developing, implementing and managing the integrated corporate management…",[],master,https://www.indeed.nl/rc/clk?jk=8254a1483ababf4d&fccid=df4a7f98e9ea4172&vjs=3,van storm recruitment,recruiter,2022-06-23 00:31:59,auditor,indeed.nl,False
8425d0da128533d0,"Plant Controller - Botlek, Maasvlakte (soms rotterdam of moerdijk)",2022-05-24,Zuid-Holland,,"Cooperation with auditors and external consultants in regards of internal and external audits (SOx) respectively projects.
Knowledgeable in Excel and SAP;",[],master,https://www.indeed.nl/rc/clk?jk=8425d0da128533d0&fccid=1eb76479499cbb21&vjs=3,Talisman Software,recruiter,2022-06-23 00:31:59,auditor,indeed.nl,False
866a2641d4f99ab6,Internal Auditor,2022-05-24,Delft,20.0,"As a member of a small team, you will prepare and execute financial and operational audits on processes, departments, entities and vessels on various topics…",[],master,https://www.indeed.nl/rc/clk?jk=866a2641d4f99ab6&fccid=4752914412f4994a&vjs=3,Allseas,employer,2022-06-23 00:31:40,auditor,indeed.nl,False
87573a6874df8153,Senior Internal Auditor,2022-05-24,Thuiswerken in Postcode 3528 in Utrecht,3.0,"Senior Internal Auditor for Holdings function of Global Heavylift and Transport business.
Competitive salary and benefits package, plus annual bonus opportunity…",[],master,https://www.indeed.nl/rc/clk?jk=87573a6874df8153&fccid=55d1e9297d47465c&vjs=3,Mammoet,employer,2022-06-23 00:31:40,auditor,indeed.nl,False
88591316c9b63e54,BUSINESS IT RISK CONSULTANT,2022-05-24,Utrecht,3.0,"Niet een maar hét leukste adviesbedrijf voor uitdagende projecten en processen in Finance, Risk, Data-analyse en IT.
Internetvergoeding van 15 euro per maand.",[],master,https://www.indeed.nl/rc/clk?jk=88591316c9b63e54&fccid=b490d762e4b10bed&vjs=3,IMPROVEN BV,employer,2022-06-23 00:31:40,auditor,indeed.nl,False
8879c231d777c55e,Senior Financial Accountant,2022-05-24,Rotterdam,4.0,"Assisting in preparing documents for audit and communicating with external auditors.
Our Finance team supports this effort by providing cash planning, solid…",[],master,https://www.indeed.nl/rc/clk?jk=8879c231d777c55e&fccid=74d7a88042d0f6c8&vjs=3,The Ocean Cleanup,employer,2022-06-23 00:31:40,auditor,indeed.nl,True
89563e381f08c74b,Compliance Model Validator,2022-05-24,Postcode 3521 in Utrecht,3.0,As a Compliance Model Validator you perform oversight on the models that Rabobank uses to protect itself and society against compliance risks such as money…,[],master,https://www.indeed.nl/rc/clk?jk=89563e381f08c74b&fccid=db0b8cca1616eafb&vjs=3,Rabobank,employer,2022-06-23 00:31:40,auditor,indeed.nl,False
8a099fb7e1351110,Junior/Medior Model Validator – Trading Risk models,2022-05-24,Amsterdam+7 plaatsen,2.0,"You enjoy sharing and presenting your work to colleagues, senior management, auditors, the ECB and other regulators, and are able to defend your stand point in…",[],master,https://www.indeed.nl/rc/clk?jk=8a099fb7e1351110&fccid=5b16841c3468a10d&vjs=3,ING,employer,2022-06-23 00:31:40,auditor,indeed.nl,False
8cafb1abccfe06bc,Business Controller,2022-05-24,Rotterdam,4.0,Manage the ‘day to day’ accounting in line with the company’s accounting framework. Actively manage cash flows and working capital of contracts and assigned…,[],master,https://www.indeed.nl/rc/clk?jk=8cafb1abccfe06bc&fccid=8d8b6a84b45b5326&vjs=3,Smit Lamnalco,employer,2022-06-23 00:31:40,auditor,indeed.nl,True
92be58ce350d355c,Group Controller/Financial Accounting Manager,2022-06-15,Hybride werken in Amsterdam,2.0,"Supporting auditors with the audit process.
Now, our client is looking to hire a Group Controller/Financial Accounting Manager into the business who will be…",[],master,https://www.indeed.nl/rc/clk?jk=92be58ce350d355c&fccid=a3bf7d3bdd7a8525&vjs=3,Altum Consulting,recruiter,2022-06-23 00:31:59,auditor,indeed.nl,True
95ac037e0da74ef0,Junior Accountant,2022-05-24,Nederland,,"Assisting auditors when client accounts are required to be audited;
We support and enable our clients with the ability to follow and execute their ideas and…",[],master,https://www.indeed.nl/rc/clk?jk=95ac037e0da74ef0&fccid=de5c3096c7ebc1b8&vjs=3,Bolder,employer,2022-06-23 00:31:40,auditor,indeed.nl,False
95b9ca923288130a,Junior Audit & Accounting Professional – qualified information exchange,2022-05-24,Postcode 2496 in Den Haag,1.0,"Thauris is 'thought leader' op het gebied van qualified information exchange.
Twee belangrijke methoden waar Thauris inhoudelijk actief aan bijdraagt en bij…",[],master,https://www.indeed.nl/rc/clk?jk=95b9ca923288130a&fccid=56806bf256482ec4&vjs=3,Thauris,employer,2022-06-23 00:31:40,auditor,indeed.nl,False
98564565a01e32cc,Senior Finance & Risk Consultant,2022-05-24,Utrecht,3.0,"Jij bent de brug tussen opdrachtgever en auditor;
Jij spreekt de taal van auditor én onze klant.
Impact maken bij (inter)nationale bedrijven, zodat ze klaar…",[],master,https://www.indeed.nl/rc/clk?jk=98564565a01e32cc&fccid=105ecfd0283f415f&vjs=3,Capgemini,employer,2022-06-23 00:31:40,auditor,indeed.nl,True
98d2f16cf394b471,Internal auditor,2022-06-07,"Hoek van Holland, ZH",274.0,"Aan het Nederlands Loodswezen zijn naast ongeveer 460 registerloodsen ook circa 450 andere medewerkers verbonden.
32-36 uur | Hoek van Holland.","[4717, 6790]",master,https://www.indeed.nl/pagead/clk?mo=r&ad=-6NYlbfkN0BUi5skEC2JacOuA5S-guKlBVqGkEVnSMmX3xEoRIYszl3Fq1VGX9VWW0EUgKwGTCrmEAZrTMQgKCi1gB9MOG1k9esXxtME-1UCKFqmtYFikP3IOp89T0jVOiMzRTSr25340RlTTNvkWcBSgnIVRQ4ZDs0FrUdINaHnRu7WNa70XmTz7323IemoqtThFUI6hCi_G38TfpepsC0ocJEDfHQXenifbgSqos5hv93H-Aky07_SzNHRPq-_ymuOv9rJN-E8hnG_YSW_hk5-fSXFuig69WcLP2lmDvaONEZafrFvsTPnTqX2fGB0BmrHQddmkF-jB1JauuRCuvEZ8p3mOtm_dEsKaUbtaZNwU3mq7D3MWx8BNqLxTMz1uLX3Ah3WjhC6x1AMHDZl2U36IViKrlP3gMFjsFpUiDg-0yuLSD6ZzIEJA3dfvMS_JnfU07Ywx0iXlu9gaUieelN3LyjS_O9u5s6hYjZ9zA0cC5loe69JfsVrS5WLoP9dZUzq48wJa8f5uUK8xC-wqWAPT_-4f_pdOLJNHOn0T8n17B9VLJAE-EKskUTuVGohVEveLab1--eIelzENyo0TueOcWEqITsql7uUnn4A6Xpi099_Ja8BjgUgaOpRS6ppoelMnRur4VwfW701mSSBmvBfR3f87W9kM0j6F2nCGA0=&xkcb=SoA1-_M3cG5dpbR88R0LbzkdCdPP&p=1&fvj=0&vjs=3,Loodszwezen,employer,2022-06-23 00:31:40,auditor,indeed.nl,False
99648abb3555f52a,senior Compliance Model Validator,2022-05-24,Utrecht,3.0,As a Compliance Model Validator you perform oversight on the models that Rabobank uses to protect itself and society against compliance risks such as market…,[],master,https://www.indeed.nl/company/Anjumo/jobs/Senior-Compliance-Model-Validator-99648abb3555f52a?fccid=16787bbc242c310e&vjs=3,Anjumo,recruiter,2022-06-23 00:31:59,auditor,indeed.nl,False
9ab317a208665ce7,Senior Tech Recruiter,2022-05-30,Thuiswerken in Postcode 1083 in Amsterdam Zuid,2.0,"Ons team van ruim 30 collega’s, bestaande uit een mix van ervaren- en nieuwe EY collega’s, is verdeeld over campus recruiters, Experienced Hires recruiters,…",[],master,https://www.indeed.nl/rc/clk?jk=9ab317a208665ce7&fccid=1544766d4c2915b0&vjs=3,EY,employer,2022-06-23 00:31:40,auditor,indeed.nl,True
9b7d2f44483a8595,License Auditor,2022-05-24,Amsterdam,2.0,"Ensure good and timely planning, drive high quality reports delivered by both the external and in-house auditor to discuss findings with management and the…",[],master,https://www.indeed.nl/rc/clk?jk=9b7d2f44483a8595&fccid=4a9ff516f64c9df4&vjs=3,TomTom,employer,2022-06-23 00:31:40,auditor,indeed.nl,True
9ba126830567c794,Senior Internal Auditor,2022-06-14,Amsterdam+1 plaats,2.0,The (Senior) Internal Auditor will join a team of experienced auditors reporting directly into the Head of Internal Audit & J-Sox EMEAR.,[],master,https://www.indeed.nl/rc/clk?jk=9ba126830567c794&fccid=731e8782b6bf7657&vjs=3,Epson Europe,employer,2022-06-23 00:31:40,auditor,indeed.nl,False
9cc75c6654f5ea6a,"Senior Manager, Indirect Tax Compliance and Technology",2022-05-27,Leiden,804.0,"Tax Authorities, External auditors, professional service providers, external contractors.
Our global vision for Patient Centricity is to support the development…",[],master,https://www.indeed.nl/company/Hilton/jobs/Senior-Manager-9cc75c6654f5ea6a?fccid=6f47211b0637a52d&vjs=3,Astellas,recruiter,2022-06-23 00:31:59,auditor,indeed.nl,False
9f2a840386f3bb7d,"Head of Governance, Risk, and Assurance",2022-06-04,Thuiswerken in Rijswijk,630.0,The Role Shell Asset Management Company B.V. (SAMCo) in Rijswijk is the dedicated in-house asset manager for the Royal Dutch Shell plc group sponsored…,[],master,https://www.indeed.nl/rc/clk?jk=9f2a840386f3bb7d&fccid=167aa4ca2fe7d8e6&vjs=3,Shell,employer,2022-06-23 00:31:40,auditor,indeed.nl,True
a41defe0fc249b01,Business Unit Controller,2022-05-24,Amsterdam,2.0,Coordinate the annual and interim financial statement audits with external auditors including preparation of all supporting schedules.,[],master,https://www.indeed.nl/rc/clk?jk=a41defe0fc249b01&fccid=0921bd222e7707a1&vjs=3,FinanceFactor,recruiter,2022-06-23 00:31:59,auditor,indeed.nl,True
a6743607ed632d50,Industrial Cost Auditor,2022-05-24,Noordwijk,63.0,This is a non-renewable post for a limited duration of 4 years and is classified A2-A4 on the Coordinated Organisations’ salary scale.,[],master,https://www.indeed.nl/rc/clk?jk=a6743607ed632d50&fccid=a33fc8acf400e044&vjs=3,EUROPEAN SPACE AGENCY,employer,2022-06-23 00:31:40,auditor,indeed.nl,True
a7d8d8bc996bbc42,IT auditor,2022-05-24,Amsterdam,2.0,"Helemaal jouw ding (of je wilt echt leren hoe het moet).
Zij beschouwen het als een pluspunt als je ervaring hebt met, of interesse hebt in procesanalyse,…",[],master,https://www.indeed.nl/rc/clk?jk=a7d8d8bc996bbc42&fccid=5a5975b9a2989351&vjs=3,We Matter,recruiter,2022-06-23 00:31:59,auditor,indeed.nl,True
a8c5e5c9861bde6f,Senior Market Risk Professional,2022-05-24,Amsterdam,2.0,"CRO NL divisions, Finance, the business Tribes, Corporate Financial Risk, Model Validation, Bank Treasury and also our external stakeholders ECB, DNB and the…",[],master,https://www.indeed.nl/rc/clk?jk=a8c5e5c9861bde6f&fccid=5b16841c3468a10d&vjs=3,ING,employer,2022-06-23 00:31:40,auditor,indeed.nl,True
a8e3d940692583ed,"Freelance Auditor kwaliteit, miIieu en velilgheid",2022-05-24,Rotterdam+4 plaatsen,4.0,"Position Type:Contractor On Demand.
Technische bachelor- of master-opleiding in Electro-, Mechanical- Chemical-Engineering of vergelijkbaar.",[],master,https://www.indeed.nl/rc/clk?jk=a8e3d940692583ed&fccid=51e6d37e31a6306f&vjs=3,Lloyd's Register Group,employer,2022-06-23 00:31:40,auditor,indeed.nl,True
a98c9de00b882057,Financial Controller,2022-05-24,Amsterdam,2.0,"Coordinate the quarterly and yearly audit with the external auditor;
Currently, the team consists of finance professionals who are responsible for accounting,…",[],master,https://www.indeed.nl/rc/clk?jk=a98c9de00b882057&fccid=8ef4fa42d160b676&vjs=3,Optiver,employer,2022-06-23 00:31:40,auditor,indeed.nl,True
aa48c770c7d31104,Senior Accountant- International FinTech- Amsterdam,2022-06-07,Amsterdam,2.0,"Perform month-end and year-end closing procedures together with an external auditor.
Manage the daily finance operations for our headquarters and multiple…",[4200],master,https://www.indeed.nl/pagead/clk?mo=r&ad=-6NYlbfkN0D8arYy_jSNWf1a2GtUvhh50zguO0ADH0iOKSv03bf1mL5-up5v9NkzwgSkdJz2V37_rOOryJdynhLt0p74mwhoj_eeU4ahKjhnGwJ9BTfat7gOC0gYHyvc9P4jAKcW99m8bs5cW7UwW54cIkXm4YAY1voNh0xRL8juJjdYIzwhCFTHCX-9OjdwE7i7NslT7enLCRwrkXPgaezliPUdAuG0RgZJK43ZLgHEVvRph3D4IV4xrEIrVReC-B_HayPjFUKu0_nL7khrLqcIetoXnVYr3L-l33XRF4qguRwnOaVpdui6XURMBJ_vv__tVMfVCX2a5ogA3mB1ZTYVeqcrnXsZjV_eNLod7SiVBJ9WKN8wPVgHhMULzZJ0DIoyZVkdQQtAJ6GZukp3jV_cQo1PTNonQJBmggjpwe9uMLvwfrjSo9s3opGmvzc09zhXx_ES3Kg7FP8enC1Eqvwe0lxWrKH-4S26nBTusvEheJSLq0qv3q-cRNRej5wWsZGJrPUJvWoHZ5BCH6G64ac2rUSdoH4gD27vn1Kw2PtOckH_Uk5E5ZP2HKotJtLoYLXCGHhsgMVMqyEvJ7r27359XlyCQken6cMYNnRcOoIG2sL-s3y8nunyN254uqDXbPGV5v2NGmNlN5SUUQ1S7rD-yFdHZBLaIHjougTZ5u7gQxBJSxFpqQiXAokOIPIH_P2fX0I_a8GjSX8jqukcYDLUfiz9oPj1tyHA9tkMsvcWuA42cZKrdYs8EuSojhXw&xkcb=SoBN-_M3cG5Xu6B9Zz0JbzkdCdPP&p=8&fvj=0&vjs=3,Five Finance Recruitment,recruiter,2022-06-23 00:31:59,auditor,indeed.nl,False
adc099d347e4a0b5,Financial Risk Manager - Treasury,2022-05-24,Amsterdam,2.0,Is part of a team with end-to-end responsibility for risk assessment and reporting thereof adequately reflecting elements for consideration of the Risk…,"[60000, 80000]",master,https://www.indeed.nl/pagead/clk?mo=r&ad=-6NYlbfkN0B0_NUWIITP5lMBmCiZbKrlgDs7YtBLfNsX81ADnqj9icBA3YdtVSE7UeFD3ATGMyBF_prUY5P2MmiavCTJSjeJW0SfI8b6LjQ64PsiHuEyjqDvJzMBLbg5WNIIa7S4K2uzhrQE92Acgg5v_mY5fRAsG9xjPa8DeSNNPcUvktFDle_NTMzf8Srg7Yae3C7U0RVzai3dVoeBjrbU7LZkRB2n47R_bVElfH1OimS9P94eqoNKrrylSlEh2OW6qKyAGEX2nAM3R_SLnlcQA5617Yf4hb46SBtZ5OzIrvV3rwg_kCtYV81x9VzBcq11PbwHKYufK4cFI-d9g7i2DmeK4Z55zfce-3dFNBjWxy4XB6fGHgxWwAHKKkGTQ-imlOZl56_J-yeqP4oh8xW32s9YoS4jYWsdmDUh1vUaRHgpkxg9AeuXtBDGHcU7A1JDczRmNWDJZM6SzVNHwRpqpyUu-jlNw3jKgc2_6k_4exUGRfqGvxRe33qFroaHFv7SqGqlba3-NkS05SgV6XyGmyyj4mkmZhF2SvpzFCQE-ACnjLOb9Bvy5xnRl0DF-tI0IiNUU3KVg0CP0nsKAkCe3RbBbjIicaXq1VEFgR_Mf9jUSGfDFVVl-pQ7yg5rjtjm9cpirxlHbIQjb0XHDNHT4KBAiHSJiDk2-MLckdS4_CGtoXdCXC4zTsFggJFXxBN5AlAFa06bYsFKfEFS2A==&xkcb=SoCW-_M3cG5YKlxGjZ0JbzkdCdPP&p=6&fvj=0&vjs=3,Robert Walters,recruiter,2022-06-23 00:31:59,auditor,indeed.nl,True
aec4e2e820aa0951,Team Lead - General Ledger Accounting,2022-05-24,Thuiswerken in Postcode 3818 in Amersfoort,799.0,"Manage relationships with tax authorities, accountancy firms and auditors.
The position combines responsibility for day to day general ledger activities,…",[],master,https://www.indeed.nl/rc/clk?jk=aec4e2e820aa0951&fccid=0ae12e4c8b351c4c&vjs=3,Kao Corp.,employer,2022-06-23 00:31:40,auditor,indeed.nl,False
aeca3bf0fae15450,Subcontactor Food,2022-05-24,Rotterdam,4.0,Als auditor en specialist binnen jouw vakgebied toets je zelfstandig of in teamverband managementsystemen gericht op kwaliteit en voedselveiligheid (zoals ISO…,[],master,https://www.indeed.nl/rc/clk?jk=aeca3bf0fae15450&fccid=51e6d37e31a6306f&vjs=3,Lloyd's Register Group,employer,2022-06-23 00:31:40,auditor,indeed.nl,False
b11ee6c97b6122bd,Group Controller Accounting & Reporting,2022-06-01,Rotterdam+1 plaats,4.0,"Work with external auditors on statutory audits and tax requirements.
In this role you act as ‘the subject matter expert’ in the field of Accounting and…",[],master,https://www.indeed.nl/rc/clk?jk=b11ee6c97b6122bd&fccid=0a4a87cd808015a3&vjs=3,TRS Staffing,recruiter,2022-06-23 00:31:59,auditor,indeed.nl,False
b29034e7cc13d99f,Cost Accounting Manager,2022-06-10,Drachten,848.0,"Assists both internal and external auditors with their periodic review of the BD Diagnostic Systems financial records.
Advanced Excel skills are necessary.",[],master,https://www.indeed.nl/rc/clk?jk=b29034e7cc13d99f&fccid=f33adcecbae03a00&vjs=3,BD,employer,2022-06-23 00:31:40,auditor,indeed.nl,False
b5545ae6b2970bc2,Senior Safe Business Officer Tribe Data Management DBNL,2022-05-24,Amsterdam,2.0,"Act as a liaison between the auditors and the Tribe Data Management.
You will channel all the requests from the auditors to the appropriate persons/squads…",[],master,https://www.indeed.nl/rc/clk?jk=b5545ae6b2970bc2&fccid=5b16841c3468a10d&vjs=3,ING,employer,2022-06-23 00:31:40,auditor,indeed.nl,True
b5edde7b31f3ee5c,Senior Associate,2022-06-08,Nederweert,911.0,"Jezelf blijven ontwikkelen en uitdagen tot kennis verbreding op gebied van IT-audits, privacy en cybersecurity.
Affiniteit met cybersecurity en privacy;",[],master,https://www.indeed.nl/rc/clk?jk=b5edde7b31f3ee5c&fccid=594ad3748f01f3aa&vjs=3,New Day IT Risk & Assurance Service,employer,2022-06-23 00:31:40,auditor,indeed.nl,False
b6a18add810dcaf0,EDP Auditor,2022-05-24,Noord-Brabant,,"Diploma EDP/IT-auditor / Post-master EDP/IT auditor.
Inschrijving als Register EDP-auditor/IT-Auditor (RE).
Electronic Data Processing (EDP) Auditor.",[],master,https://www.indeed.nl/rc/clk?jk=b6a18add810dcaf0&fccid=119d05aa277fd811&vjs=3,Aexecutives,employer,2022-06-23 00:31:40,auditor,indeed.nl,True
b93a6c6367e73229,Senior Accountant - EMEA,2022-06-04,Thuiswerken,,"Liaise with external auditors and internal stakeholders to ensure that external audits are finalized on time.
5+ years of relevant work experience in accounting…",[],master,https://www.indeed.nl/rc/clk?jk=b93a6c6367e73229&fccid=ab1e7aafd1d9f6e4&vjs=3,Bird Rides Inc.,employer,2022-06-23 00:31:40,auditor,indeed.nl,False
b9699b8227a7dfb7,Manager IT-Auditor - Technology Risk,2022-06-21,Postcode 1083 in Amsterdam Zuid+2 plaatsen,2.0,"Je hebt minimaal 5 jaar ervaring als IT-auditor en bent geregistreerd als Register EDP-auditor (RE) bij NOREA.
To qualify for the role you must have:",[],master,https://www.indeed.nl/rc/clk?jk=b9699b8227a7dfb7&fccid=1544766d4c2915b0&vjs=3,EY,employer,2022-06-23 00:31:40,auditor,indeed.nl,True
ba2b5c63672e94a7,Information Security Officer,2022-05-24,Leidschendam,72.0,You have experience working with internal and external auditors and demonstrated experience in application security practices and IT Risk & Security governance.,[],master,https://www.indeed.nl/rc/clk?jk=ba2b5c63672e94a7&fccid=10ed9e123e978078&vjs=3,Fugro,employer,2022-06-23 00:31:40,auditor,indeed.nl,False
bd06e4029502a4c2,Internal Control Specialist,2022-06-10,Eindhoven,5.0,A challenging job for a financial professional (Master) with attractive career opportunities The Internal Control Specialist plays a central role in…,[],master,https://www.indeed.nl/rc/clk?jk=bd06e4029502a4c2&fccid=1d8ccca292353db7&vjs=3,DAF,employer,2022-06-23 00:31:40,auditor,indeed.nl,False
c14febb3aa7c714a,Senior Accountant - International Scope,2022-05-24,Amsterdam,2.0,"Assisting external auditors in relation to financial and control audits.
Preparing and validating investment related bookings for transactions, valuations and…","[50000, 55000]",master,https://www.indeed.nl/rc/clk?jk=c14febb3aa7c714a&fccid=a3bf7d3bdd7a8525&vjs=3,Altum Consulting,recruiter,2022-06-23 00:31:59,auditor,indeed.nl,False
c221b30069f763ec,Finance Director Accounting & Tax Europe en Asia,2022-06-04,Zuid-Holland,,"Internal and external auditors, external services providers, all support and business functions and corporate areas (accounting, SSC, Tax planning and tax legal…",[],master,https://www.indeed.nl/rc/clk?jk=c221b30069f763ec&fccid=dd178aaa10bf39b7&vjs=3,Corbulo Executive Search,recruiter,2022-06-23 00:31:59,auditor,indeed.nl,False
c6519bc1b26290ed,Senior Auditor met subsidie kennis,2022-06-22,Zuid-Holland,,"Je hebt kennis van de planning- en controlcyclus bij de overheid;
Je hebt kennis van auditprincipes, onderzoeksmethoden en -technieken en vaardigheid in het…",[],master,https://www.indeed.nl/rc/clk?jk=c6519bc1b26290ed&fccid=49fc9e68705def8f&vjs=3,RA'Quel,employer,2022-06-23 00:31:40,auditor,indeed.nl,True
ca1bae882ac0ac2c,Junior Business Controller,2022-06-15,Rotterdam,4.0,Smit Lamnalco currently has an opening for a: Junior Business Controller The Junior Business Controller is supports the Business Controllers with the…,[],master,https://www.indeed.nl/rc/clk?jk=ca1bae882ac0ac2c&fccid=8d8b6a84b45b5326&vjs=3,Smit Lamnalco,employer,2022-06-23 00:31:40,auditor,indeed.nl,False
ca6de96da88209eb,IT- Auditor,2022-05-24,Postcode 5653 in Eindhoven,5.0,"Bereid om een post-master in IT-auditing te volgen.
In het bezit van 0-5 jaar werkervaring.
Met een varierend klantenbestand zal geen dag hetzelfde zijn!",[3400],master,https://www.indeed.nl/rc/clk?jk=ca6de96da88209eb&fccid=766625bc6522eb8c&vjs=3,Tempo-Team,recruiter,2022-06-23 00:31:59,auditor,indeed.nl,True
ca9f9f2bda9ef30b,Controller FMCG,2022-06-10,Utrecht+1 plaats,3.0,"Contact person for auditors and legal department.
P&L and balance sheet analysis and reporting.
Preparation of monthly memo journal entries.",[],master,https://www.indeed.nl/pagead/clk?mo=r&ad=-6NYlbfkN0Bgwjl9sSaTAhvoInkKYHNrP-tt0Ma8h62cNgPWax2iSnVYSapmWLZslXFr8TcTgPNAtk8hw2nxjV70L9Nfz8iCGdrYIMWa5a4EXmm6c6SuHk0CEMuD1OgNZ4mJXMLjRx0ITA4tDDwgq2rH4gpOePFXksIa1Mhqmkick8VpWi97XS6774lGr7NhGqX1yBX_jHtDDizSobaW-2lUVi-XEmwWtN2SRaBuF_3Tgo3xwyXujjsflNIXc561EtD1JnJxPMsjH4MA_wKv79bPmOowjO02Rmo4D805QRiO1BJTI0gR0bAYA84SQckoj5wChThDrqL2pS5F6l5DW6Mf91f6LO6aCwmsnQxROp9XS8euF9Q6TS3K8CCLt1yqMAthtapL3v0HvPOOzjga28cw26PWa6yxPQmHH7sty_Q1Q3xzPGhG4x3qDi35ivplZZrPJvAjqrYiIZl1tf04shz6jXulmhFF5fAdamTNdwFsaTklAxeNVDk0d6C63hSguzAJx976bXyNSVFMqBwfvbtTE_YLnF_V9tRxLpv2dCz7NQ2rdRJrwMicXODp7yugFDJEqIK0fmHWZ3m5DZMCD4uWTgDorArLS9HFqFycCpV43rB2aD-zRHpsDcYPZc3SqYrqaEPX_A126MRNJawhXMtcISwcQhJklDui6MIxTY_nlCot0J6TFw==&xkcb=SoBM-_M3cG5chDwHC50LbzkdCdPP&p=7&fvj=0&vjs=3,Career Control,employer,2022-06-23 00:31:40,auditor,indeed.nl,True
cd3e7bfbd5e28e06,Financial Acountant – Rotterdam,2022-05-24,Rotterdam,4.0,"Je bent onderdeel van de maandelijkse reporting cycle;
Je maakt onderdeel uit van verschillende projecten;","[48000, 56000]",master,https://www.indeed.nl/rc/clk?jk=cd3e7bfbd5e28e06&fccid=5d1cd7991a8d6b8c&vjs=3,Greenberg Nielsen,recruiter,2022-06-23 00:31:59,auditor,indeed.nl,True
ce054ae371c36e70,Financial Controller,2022-05-24,Amsterdam+1 plaats,2.0,"Coordinating between auditors and tax specialists regarding compliance in multiple countries;
Act as a sparring partner for the management team, finance team,…",[],master,https://www.indeed.nl/rc/clk?jk=ce054ae371c36e70&fccid=816e6addf5a917f6&vjs=3,Suitsupply,employer,2022-06-23 00:31:40,auditor,indeed.nl,False
cfe869992b0aa491,Junior) Adviseur Internal Audit – Utrecht,2022-05-24,Utrecht,3.0,"Binnen Risk Services, onderdeel van BDO Digital, zijn wij op zoek naar een Internal Auditor om onze praktijk te komen versterken.",[],master,https://www.indeed.nl/rc/clk?jk=cfe869992b0aa491&fccid=3639654bd4055c70&vjs=3,BDO,employer,2022-06-23 00:31:40,auditor,indeed.nl,False
d06af4f0a89a69c0,Interim Directeur CFA,2022-05-24,Enschede,816.0,"Het team Internal Audit bestaat uit twee auditors, die onderdeel van CFA zijn, maar een eigen lijn hebben met het CvB.
Zeer bedreven in subtiele interventies;",[],master,https://www.indeed.nl/company/Anjumo/jobs/Interim-Directeur-CFA-d06af4f0a89a69c0?fccid=16787bbc242c310e&vjs=3,Anjumo,recruiter,2022-06-23 00:31:59,auditor,indeed.nl,False
d1f81e4f6ed18354,Information Security Analyst,2022-05-24,Leidschendam,72.0,You have experience working with internal and external auditors and demonstrated experience in application security practices and IT Risk & Security governance.,[],master,https://www.indeed.nl/rc/clk?jk=d1f81e4f6ed18354&fccid=10ed9e123e978078&vjs=3,Fugro,employer,2022-06-23 00:31:40,auditor,indeed.nl,False
d31b0d231bf309e7,Accounting Lead - EMEA,2022-05-27,Amsterdam,2.0,"Liaise with external auditors on the preparation and audit of the statutory financial statements.
As the Accounting Lead for EMEA, you will reporting to the…",[],master,https://www.indeed.nl/rc/clk?jk=d31b0d231bf309e7&fccid=a3bf7d3bdd7a8525&vjs=3,Altum Consulting,recruiter,2022-06-23 00:31:59,auditor,indeed.nl,True
d4ddab54f56a443b,Accounting Professional,2022-06-02,Postcode 3072 in Rotterdam+1 plaats,4.0,"Liaising with the external auditor.
Mendix is a low-code app development platform:
First, what is low-code?
Gartner predicts that “by 2024, low-code application…",[],master,https://www.indeed.nl/rc/clk?jk=d4ddab54f56a443b&fccid=ea6bb53f0b18b8f2&vjs=3,Siemens,employer,2022-06-23 00:31:40,auditor,indeed.nl,True
d4fa1059edc302b9,International Auditor,2022-05-24,Den Haag,1.0,"The Operational Auditor will be part of an international and diverse team.
The objective of this role is to deliver added value to Asset Management audits to…",[],master,https://www.indeed.nl/rc/clk?jk=d4fa1059edc302b9&fccid=817dbf75ac000d11&vjs=3,Aegon,employer,2022-06-23 00:31:40,auditor,indeed.nl,False
d8865e5b6be6e67f,programme/project controller,2022-05-24,Den Haag,1.0,"Preparation of cost audit samples and interface with the auditors.
Support to the processes related to the main resources of the organizational entity (i.e.…",[],master,https://www.indeed.nl/rc/clk?jk=d8865e5b6be6e67f&fccid=bf159e14940c1f37&vjs=3,Octagon Professionals,recruiter,2022-06-23 00:31:59,auditor,indeed.nl,True
d8d420230ce35c88,Lead Engineer Supplier Development,2022-05-24,Almere,6.0,"Candidate will be an expert in aspects of Precision Machining, Mechanical Systems, and Semiconductor Furnaces/Equipment.",[],master,https://www.indeed.nl/rc/clk?jk=d8d420230ce35c88&fccid=2f78c666a1ead0f5&vjs=3,ASM,employer,2022-06-23 00:31:40,auditor,indeed.nl,True
d90fa52c6c47f027,CFO,2022-05-24,Postcode 1016 in Amsterdam Centrum,2.0,"Own end-to-end management and review of StuDocu’s annual required audit and liaise between accountants, auditors, audit committee, and leadership team.",[],master,https://www.indeed.nl/rc/clk?jk=d90fa52c6c47f027&fccid=707909138b860cda&vjs=3,StuDocu,employer,2022-06-23 00:31:40,auditor,indeed.nl,True
d99bebd33e01cafe,Client facing Information Security Officer - Governance Risk and Compliance Security Consultant (medior / senior),2022-05-25,Postcode 3833 in Leusden+1 plaats,96.0,A Unisys Security Officer forms part of the Account Management Organisation and will be the single point of contact for security within the service.,[],master,https://www.indeed.nl/rc/clk?jk=d99bebd33e01cafe&fccid=189b4377c880f7e5&vjs=3,Unisys,employer,2022-06-23 00:31:40,auditor,indeed.nl,True
da88bed93f5347ac,Financial Controller,2022-06-16,Amsterdam,2.0,"Obviously, you know your way around working with auditors, tax authorities and financial institutes.
You have regular contact with financial institutes, our…",[],master,https://www.indeed.nl/company/Milk-Design-BV-Joolz/jobs/Financial-Controller-da88bed93f5347ac?fccid=3368a40f078e3f42&vjs=3,Joolz,employer,2022-06-23 00:31:40,auditor,indeed.nl,False
daec86db861d816e,Senior Accountant - Fortune 500 Technology MNC,2022-05-24,Amsterdam,2.0,"Prepare internal documents and work with external auditors on quarterly and yearly audits.
Excellent communications with internal stakeholders, offshore Shared…",[],master,https://www.indeed.nl/pagead/clk?mo=r&ad=-6NYlbfkN0BQx9zSiyEqaPFd55WgSbrogcybLLMOvaJifgHohN9UOu-j8LwobT3yyBmzLVZK-55BwiDW66meouecgvciUSsRXJifhmAmsp1P4wdkAnJRlEyZnxSOrb0TxFBVw5wSmsd9UgTW957VulH0tIWtTIVX-0zn-dxHcIjOrFNzxvdtkuYNHt1tiDY45Q2pX6VjEoWQNoD75NppAChYtUHR9AL_lUZvHquwoyBhALZ9-ewXf9RWlcpRGamCi3uAX1k4kt5XHtLBXBDfNNytpcj_js0a-w9RXr_qH4EaYc01RuTEQ64j8UKA2A2ZL3WfD98G2okPWwKiposCAplTlv5QKh9NPqLKrad2at8qeEzHqDMWC_6ja7eFIUI_pn6XD5pu54wuBwYK-cndaePvsqvBlM28N6iwgQTfJjuV1PpiXT6MDVw5Xc2aLjwMwakriTAsizFsLE2nLlHuNRkYykyQ82NsG6misYsButKnJpnRyf80sAi-dxg3wxH886HM5SqkVPF2uOpLXDc5uzzfqsjuYW01fywqp_GJRZ9CN94NqpJ-EgeeE58hGViJPM5L4ziqRs6cBMswWVxEodAwQzYFu6c3tKH2jdH00YIlFmDxdPfJBpAwzXRKxhrfc14iBpGfygvFTD05B-NnGI7WK2RJE1nWteq_mPeeQQ3rjXedWDeLOBMlMn3TuHxu&xkcb=SoBS-_M3cG5XCU_Tbx0LbzkdCdPP&p=9&fvj=1&vjs=3,Michael Page,recruiter,2022-06-23 00:31:59,auditor,indeed.nl,False
ddb198d0b079865d,Project Finance Controller,2022-06-23,Nederland,,"Aanspreekpunt van auditors en consultants;
Als Project Finance Controller ben je de spin in het web van de project- en tenderteams, waaronder projecten waarbij…",[],master,https://www.indeed.nl/rc/clk?jk=ddb198d0b079865d&fccid=7f3c0d7fb6b182d7&vjs=3,DEME,employer,2022-06-23 00:31:40,auditor,indeed.nl,True
decd99900863cbcd,VP Finance - Remote,2022-05-24,Thuiswerken in Rotterdam,4.0,"Ensure timeliness and accuracy of financial and management reporting data for our auditors, shareholders and the company's board.",[],master,https://www.indeed.nl/rc/clk?jk=decd99900863cbcd&fccid=7acd91651f99aabd&vjs=3,HousingAnywhere,employer,2022-06-23 00:31:40,auditor,indeed.nl,True
e08c4c64e4fc6cd0,Junior / Medior / Senior EMEA External Reporting Accountant,2022-05-24,Heerlen,23.0,"Preparation of the financial statements, audit coordination, statutory filing and tax filing;
Translate US GAAP to local GAAP accounting principles;",[],master,https://www.indeed.nl/rc/clk?jk=e08c4c64e4fc6cd0&fccid=f06a4d05bf5510ec&vjs=3,Medtronic,employer,2022-06-23 00:31:40,auditor,indeed.nl,False
e0f027717585fd8d,Quality Engineer Package Predevelopment ID1286,2022-05-24,Nijmegen,794.0,"Quality conscious, Strong knowledge of quality system standards with auditor experience.
You will lead and/or support various risk assessment sessions and…",[],master,https://www.indeed.nl/pagead/clk?mo=r&ad=-6NYlbfkN0AIvxgfZlZPhMMof6OESzYg65rUk49dxrmsodbKew5kKQ7VcDltUh9HqQm_1Qd7Lj3zrf4qKO0kFE2_5D9HekLJTidCA_Y-0mi69FQr9edbu0bCm9kMZs5hjzG1AfvqLZqIC6Y4VCA3ts8vOHPxy2Vm8Iu0FOrZjn58q9xHf83v9OMM0Op-di7tDXAI7TKMQD6Bubu6eBLzHi8Kpy9DyL54dG5nZBZ84UjLT1cORl13BqYyCVDDi6wKdmwCkzyLmFlH0sty44UK78bTHcDMUMW-9WduJY1YuUyvsBgIfT9ofNPJae9SBbewe2a_k4ZyYWbLgVur0P9EDnVAbTBEmGn2cC8SrVXVOiiZgzMlikqPyRc90a_iIPj8-N8NIFj7yT1Tg587-OwXC7S_0GsbCJJfZbT_CPIfjjIoxBG7zwjRlCtVx3WunynU5u1wvotk5-AGcwcmI9yDbLfr-j9Bd7BZBt4li-y7LpSGsJi4frWSJyHPaoZoL83cPCm-tzZwfRgHL6r4oWbvtkHFcS-1Ue7D&xkcb=SoAb-_M3cG5Xu7B9Zz0KbzkdCdPP&p=1&fvj=0&vjs=3,HAYS,recruiter,2022-06-23 00:31:59,auditor,indeed.nl,True
e3e6c7ab5611c462,Financial Controller,2022-05-24,Postcode 1119 in Schiphol,253.0,Act as the key liaison with the external auditor for the consolidated financial statement audit and other audit workstreams.,[],master,https://www.indeed.nl/rc/clk?jk=e3e6c7ab5611c462&fccid=75be652db60c264c&vjs=3,Azerion,employer,2022-06-23 00:31:40,auditor,indeed.nl,True
e454e6be86cd18cd,Teamleader Quality Assurance,2022-06-23,Postcode 4903 in Oosterhout,42.0,"Daarnaast begeleidt je externe auditoren, draag je zorg voor de afhandeling van klantenklachten en zet je acties uit op oorzaakanalyse.",[],master,https://www.indeed.nl/company/D%C3%B6hler-Holland-BV/jobs/Teamleader-Quality-Assurance-e454e6be86cd18cd?fccid=0a08e8b79b9b5aba&vjs=3,Döhler Holland BV,employer,2022-06-23 00:31:40,auditor,indeed.nl,False
e7ec6992f80fb76e,Senior Manager Risk & Controls Risk Operations,2022-05-24,Amsterdam,2.0,"As the Senior Manager Risk Operations, you will be responsible for the governance, monitoring and continuous improvement processes that will enable the…",[],master,https://www.indeed.nl/rc/clk?jk=e7ec6992f80fb76e&fccid=62ee2fabbf8c93c5&vjs=3,Booking.Com,employer,2022-06-23 00:31:40,auditor,indeed.nl,False
ea2ebd9ac30f5de6,Junior Financial Controller,2022-05-24,Nederland,,"Communicates with external auditors for all project related financial aspects.
You will provide support to all the budgets and the financial reporting for the…",[],master,https://www.indeed.nl/rc/clk?jk=ea2ebd9ac30f5de6&fccid=424b9d5ffaae8f0b&vjs=3,Technip Energies,employer,2022-06-23 00:31:40,auditor,indeed.nl,False
ed033d091a7716bc,Supplier Quality Engineer Service & Solutions Delivery,2022-05-28,Hybride werken in Best,821.0,"Auditing skillsets, up to and including certified lead auditor;
Assure that quality systems of suppliers meet Purchasing Controls requirements from Philips;…",[],master,https://www.indeed.nl/rc/clk?jk=ed033d091a7716bc&fccid=e4af9ca5b6d3a604&vjs=3,Philips,employer,2022-06-23 00:31:40,auditor,indeed.nl,False
ee17ed161042e443,Hoofd Interne Audit Dienst,2022-05-24,Thuiswerken in Postcode 6525 in Nijmegen,794.0,De onderwerpen van deze audits liggen enerzijds vast in het audit-jaarplan dat door het college van bestuur en de auditcommissie is vastgesteld en goedgekeurd…,"[5294, 6444]",master,https://www.indeed.nl/company/Radboud-Universiteit-Nijmegen/jobs/Hoofd-Interne-Audit-Dienst-ee17ed161042e443?fccid=b74f2dfc2ee01b74&vjs=3,Radboud Universiteit Nijmegen,employer,2022-06-23 00:31:40,auditor,indeed.nl,False
ef56fe8704f4aa7e,Financial Controller,2022-06-09,Amsterdam,2.0,"Coordinate the quarterly and yearly audit with the external auditor;
Currently, the Finance team consists of finance professionals who are responsible for…",[],master,https://www.indeed.nl/pagead/clk?mo=r&ad=-6NYlbfkN0B0_NUWIITP5lMBmCiZbKrlgDs7YtBLfNsX81ADnqj9icBA3YdtVSE7UeFD3ATGMyDxZj_NVoPTshSe4HPE5-jtxjF5Znrh3wiSdJ_SD34XPoXjZFA2ZEYAkeYLzGM67wOy061zxxcZfjeip3N4NnEsBrLUfvOO60I_O0EbwZi7EUwmeBkZp0HaO55lFErdbx2ZVS8jEqhujJtvKzLxdrxHeAB84FvvQS_WYUi1su4g8VHNGKppMu2QW6sX_vWCNDa6WKqZRsUtOUzjUNjerA3G6a4KcpGZO2Cl_5a42BLnbKQJMQFn8BKD8wOIW6IgBnZXzqTxujh3_4p8SPjAV4XW4pOGoNrFnpYl-Ay9Kg3v4SDr07B1qnxt5l8yIpqzq_fzrmRc6D9N-OeFAPwxWcRhXa3ChulwcEEONQ9RSMmeEMCAwHVt0UEc3A0c9irQIxsVYpu9lHghWxSlBrI27DFxZEWuJJPOauzsektU5qn3R5V-E60M-z-5YVmhYSBNQm8XZwdhLTf_TIZaHuP0ai4Lg7aBI0bhqrxFftpxi9xCB6Ogqvfj4hvdM-FYdVESzGN0kbyUcdjA_EUM8TcmBJb5jOYBJMMjiHRfqJM8LE0tCPaKuVJubyzmMpcTivSuLE7s9P-klciiYxnU-ijujpc8PLobrW3wsQHoIq6LwvGW9w2-Gw_dzx32Pst_Emw4FJzU9cdqncLZIQ==&xkcb=SoBk-_M3cG5Xu6B9Zz0LbzkdCdPP&p=7&fvj=0&vjs=3,Robert Walters,recruiter,2022-06-23 00:31:59,auditor,indeed.nl,True
f0670d07b3ab597a,"Analyst, Prospects and Studies",2022-05-26,Den Haag,1.0,"Demonstrated ability to team up and network with a large variety of stakeholders (senior management, other departments including HR units and Finance, staff…",[],master,https://www.indeed.nl/company/Europ%C3%A4ische-Patentorganisation/jobs/Analyst-f0670d07b3ab597a?fccid=5f91f8ff803fe1eb&vjs=3,Europäische Patentorganisation,employer,2022-06-23 00:31:40,auditor,indeed.nl,True
f16fbb0f65d791d2,Medior Accountant a.i.,2022-06-14,Amsterdam,2.0,"You will assist auditors in case of audits performed on client companies;
Interim Medior Accountant role within the Financial Services sector|Interesting…",[],master,https://www.indeed.nl/pagead/clk?mo=r&ad=-6NYlbfkN0BQx9zSiyEqaPFd55WgSbrogcybLLMOvaJifgHohN9UOu-j8LwobT3yyBmzLVZK-57SBYR1w9pAeC1NYTQNquAd1bhsrK0CDyB_1mz2s-JOVGcRdZVBKf6o2zH3z3KvFVO5_yjZfFR4dSpM3e_mBiHcRAqBfjfuZ9fF-2JweuCnu_GhJzLRtjVomx47VM13X5XPto3VKslE18sHA1v5Kx63iQWMQKQs1yd2A7_J_lqLZADpbZquRxedRqjgYIP2VkhJU7xF1s-azgvfesznX7R-P0_aa35qmyCsSN93azKfq-q8d3dyrGcas3gFXmWaV_m_HjXrz3X4mWSkXX0sHvb2P9FIRUfPnGGIAaiAPtgrAsanLk24hu5zfVvON-vb-cnWWwil_ooYsOZAfUPsPG50fE0QqFmN0lpJVodGWYwJGPGJhD_eYcAVziVYLUjQ8LCD_nZwHucX__hpKIX9_AGax0DeIspRQjjflemHu_Zi4J2M6S-1fpgCAiAJGKC10w4gGdgMnd9m5yR_ZLH-H6OQj9nrGac1RbtPrPKrQEcUuFLYlKDitfgic4HY5gKPPtx1GHDUlvjfrmz77Jae2FzhfpM1qon2kSjQS9sg7b5m4HelizLuCbViEp7meoyX2BEtFPXXNc5Q_MmRDASPjv0-&xkcb=SoD2-_M3cG5Xu4h9Zz0LbzkdCdPP&p=0&fvj=1&vjs=3,Michael Page,recruiter,2022-06-23 00:31:59,auditor,indeed.nl,True
f4b6a03e3a37008a,(aankomend) EDP auditor BTW E-commerce,2022-05-24,Eindhoven,5.0,"Vanuit kantoor Eindhoven maak jij als (aankomend) EDP-auditor btw E-commerce deel uit van dit uitdagende speelveld.
Sterker nog, het groeit alleen maar.","[3344, 6547]",master,https://www.indeed.nl/rc/clk?jk=f4b6a03e3a37008a&fccid=331fa317e0cb554a&vjs=3,belastingdienst,employer,2022-06-23 00:31:40,auditor,indeed.nl,True
f66fb764a1e68e15,Senior Financial Accountant,2022-05-24,Postcode 3433 in Nieuwegein,36.0,"In charge for the interim, year-end and statutory audit of French entities in relation with auditors.
As our Sr. Financial Accountant, you are responsible for…",[],master,https://www.indeed.nl/rc/clk?jk=f66fb764a1e68e15&fccid=788a7fd79eec1d60&vjs=3,Domino's Pizza Netherlands,employer,2022-06-23 00:31:40,auditor,indeed.nl,True
f90c679e566d4b44,Lead Internal Auditor,2022-05-25,America,,"Career Opportunity Sappi North America, headquartered in Boston, is a subsidiary of Sappi Limited (JSE), a global company headquartered in Johannesburg,…",[],master,https://www.indeed.nl/rc/clk?jk=f90c679e566d4b44&fccid=51f0ba8399a14766&vjs=3,Sappi,employer,2022-06-23 00:31:40,auditor,indeed.nl,False
f93a55b1c3f1674d,Chief Compliance Officer (Director Compliance),2022-05-24,Amsterdam,2.0,"Point of first contact for internal and external auditors.
Chief Compliance Officer (CCO) is responsible for overseeing compliance within the Company, and…",[],master,https://www.indeed.nl/rc/clk?jk=f93a55b1c3f1674d&fccid=306f81e1483f7d82&vjs=3,Intercontinental Exchange,employer,2022-06-23 00:31:40,auditor,indeed.nl,False
fdb2cda2d97a3919,"Senior Manager, Indirect Tax Compliance and Technology",2022-05-27,Thuiswerken,,"Tax Authorities, External auditors, professional service providers, external contractors.
Senior Manager, Indirect Tax Compliance and Technology.",[],master,https://www.indeed.nl/rc/clk?jk=fdb2cda2d97a3919&fccid=889299755eb998cd&vjs=3,Astellas,employer,2022-06-23 00:31:40,auditor,indeed.nl,False
fe7f8095cdb02fe5,Finance Manager- Lifestyle Brand- Aalsmeer,2022-06-17,Aalsmeer,90.0,"Preparing and compiling the financial statements together with an external auditor.
Inspiring sailors around the world to dress for their own adventure, they…","[5000, 6200]",master,https://www.indeed.nl/pagead/clk?mo=r&ad=-6NYlbfkN0D8arYy_jSNWf1a2GtUvhh50zguO0ADH0iOKSv03bf1mL5-up5v9NkzwgSkdJz2V35SFYATcTfnevV7xcD54vGUCzMQ-NTXZj2H2KKPUulOMBGo5xYhbHIY4S8NjiMyrGa9dWz9OwlzBz2SHixI3V2yk1Fd02pd99vzbqlWUrXB_jKXpqV7qzkhu_dsKGs1ZyUGw8iBVqmWOlvfdz8YSjcj3OgdS3gDe8DHmecnfEI_9e4sDPxnWV0VPgMmWk0WyDIkS1zKsNNmwQktNcwlT9UwJX7cD9EtvmlCSiYyCyMsF6-UYQr4hizodHhtsDfh-bRh991lv-BmWGoSLmQ0hBjHple-Rs6lL1kS610NJFLLf02mg1Q1PTM8MJMENUId3wsKroC6VinYAJsc02K1ROH7_46YSzy3LlRzhz5qUIk6Xa0pO6uo2h8gHYfoOxQ-BpRC1K2EMv9d_Ppxs2aZ3tENQbrorSlFJQDAYEhs0iTroPMWz68EU0d4ixvglgWCmbnbjLAib_kXwOusBRs6j0cDzmWGsf6VuHGyFWl0UuBVJuvmiizqh7Pnhwf63ZEmidCVohtrsYv-TSJaUTM4CHyROEKQ7eLlOav88MxBJBcsSjOBcgxeo6QZkU26h2mSnSS1sBTALTEJs9I6ak_6uX5M5HXEbBfP3Ng2HAS-EU607KEPMoBOuG_DnJE8TzEhHCLH9cT2VhPKDBrE1Jf-PfA-m9qcyiCau-vy0qnANxck8A==&xkcb=SoAy-_M3cG5Xu7B9Zz0IbzkdCdPP&p=3&fvj=0&vjs=3,Five Finance Recruitment,recruiter,2022-06-23 00:31:59,auditor,indeed.nl,True
